0,1,2,3,4,5,6,7,8,9,10,11,12,13,14,15,16,17,18,19,20,21,22,23,24
['R01-PA-566-GN-923-99-1'],['R01-PA-471-O-6197-36-3'],['R01-PA-229-O-9116-27-5'],['R01-PA-471-O-6226-30-5'],['R01-PA-600-SL-1062-01-3'],['R01-PA-574-WW-044-01-1'],['R01-PA-562-WI-9040-01-3'],['R04-PA-562-WI-001-13-4'],['R01-PA-590-BS-103-01-2'],['R01-PA-931-HC-1079-16-1'],['R01-PA-568-NI-5058-01-1'],[],['R01-PA-567-WW-005-26-4'],['R01-PA-567-O-6265-09-5'],['R01-PA-563-WD-958-02-1'],['R01-PA-471-O-6200-30-3'],['R01-PA-567-BS-001-01-1'],['R01-PA-229-O-9117-30-6'],['R04-PA-471-O-6226-05-3'],['R01-PA-567-O-6229-28-4'],['R01-PA-567-O-6227-22-3'],['R01-PA-567-O-6230-22-3'],['R04-PA-229-O-9122-04-1'],['R01-PA-567-O-6245-08-4'],['R01-PA-614-SC-5058-24-8']
['R01-PA-567-O-6192-32-5'],['R01-PA-471-O-6197-37-1'],['R01-PA-229-O-9117-01-1'],['R01-PA-541-AY-254-01-1'],['R01-PA-614-SC-5058-01-1'],['R01-PA-590-BS-0136-01-1'],['R01-PA-563-DR-001-01-1'],['R04-PA-567-O-6192-01-1'],['R01-PA-600-SL-1043-01-1'],['R04-PA-229-ER-2598-02-1'],['R01-PA-574-WW-041-01-1'],['R01-PA-229-O-9116-01-1'],['R01-PA-568-NI-5056-01-1'],['R01-PA-567-WW-005-01-1'],['R01-PA-566-GN-921-01-1'],['R01-PA-471-O-6200-31-3'],['R01-PA-567-O-6192-01-1'],['R01-PA-471-O-6197-01-1'],['R04-PA-562-WI-001-01-1'],['R01-PA-567-O-6230-01-1'],['R01-PA-567-O-6228-01-1'],['R01-PA-567-O-6231-01-1'],['R04-PA-471-O-6197-01-1'],['R01-PA-567-O-6246-01-1'],['R01-PA-931-HC-1079-01-1']
['R01-PA-567-O-6192-33-1'],['R01-PA-471-O-6197-37-3'],['R01-PA-229-O-9117-01-2'],['R01-PA-541-AY-254-01-2'],['R01-PA-614-SC-5058-01-2'],['R01-PA-590-BS-0137-01-2'],['R01-PA-563-DR-001-01-2'],['R04-PA-567-O-6192-01-2'],['R01-PA-600-SL-1043-02-1'],['R04-PA-229-O-9116-01-1'],['R01-PA-574-WW-041-01-2'],['R01-PA-229-O-9116-01-2'],['R01-PA-568-NI-5056-01-2'],['R01-PA-567-WW-005-01-2'],['R01-PA-566-GN-921-01-2'],['R01-PA-471-O-6200-32-1'],['R01-PA-567-O-6192-01-2'],['R01-PA-471-O-6197-01-2'],['R04-PA-562-WI-001-02-1'],['R01-PA-567-O-6230-01-2'],['R01-PA-567-O-6228-01-2'],['R01-PA-567-O-6231-01-2'],['R04-PA-471-O-6197-01-2'],['R01-PA-567-O-6246-01-2'],['R01-PA-931-HC-1079-01-2']
['R01-PA-567-O-6192-33-3'],['R01-PA-471-O-6197-37-4'],['R01-PA-229-O-9117-01-3'],['R01-PA-541-AY-254-02-1'],['R01-PA-614-SC-5058-01-3'],['R01-PA-590-BS-091-01-1'],['R01-PA-563-DR-001-01-3'],['R04-PA-567-O-6192-01-3'],['R01-PA-600-SL-1043-02-2'],['R04-PA-229-O-9116-01-2'],['R01-PA-574-WW-042-01-1'],['R01-PA-229-O-9116-01-3'],['R01-PA-568-NI-5056-01-3'],['R01-PA-567-WW-005-01-3'],['R01-PA-566-GN-921-02-1'],['R01-PA-471-O-6200-32-2'],['R01-PA-567-O-6192-01-3'],['R01-PA-471-O-6197-01-3'],['R04-PA-562-WI-001-02-2'],['R01-PA-567-O-6230-01-3'],['R01-PA-567-O-6228-01-3'],['R01-PA-567-O-6231-01-3'],['R04-PA-471-O-6197-02-1'],['R01-PA-567-O-6246-02-1'],['R01-PA-931-HC-1079-02-1']
['R01-PA-567-O-6192-34-1'],['R01-PA-471-O-6197-38-1'],['R01-PA-229-O-9117-02-1'],['R01-PA-541-AY-254-02-2'],['R01-PA-614-SC-5058-02-1'],['R01-PA-590-BS-091-02-1'],['R01-PA-563-DR-002-01-1'],['R04-PA-567-O-6192-01-4'],['R01-PA-600-SL-1043-02-3'],['R04-PA-229-O-9116-01-3'],['R01-PA-574-WW-042-01-2'],['R01-PA-229-O-9116-02-1'],['R01-PA-568-NI-5056-01-4'],['R01-PA-567-WW-005-01-4'],['R01-PA-566-GN-921-02-2'],['R01-PA-471-O-6200-32-3'],['R01-PA-567-O-6192-02-1'],['R01-PA-471-O-6197-02-1'],['R04-PA-562-WI-001-03-1'],['R01-PA-567-O-6230-01-4'],['R01-PA-567-O-6228-02-1'],['R01-PA-567-O-6231-02-1'],['R04-PA-471-O-6197-02-2'],['R01-PA-567-O-6246-02-2'],['R01-PA-931-HC-1079-02-2']
['R01-PA-567-O-6192-34-2'],['R01-PA-471-O-6197-38-3'],['R01-PA-229-O-9117-02-2'],['R01-PA-541-AY-254-03-1'],['R01-PA-614-SC-5058-02-2'],['R01-PA-590-BS-096-01-1'],['R01-PA-563-DR-002-01-2'],['R04-PA-567-O-6192-01-5'],['R01-PA-600-SL-1043-03-1'],['R04-PA-229-O-9116-01-4'],['R01-PA-574-WW-042-01-3'],['R01-PA-229-O-9116-02-2'],['R01-PA-568-NI-5056-02-1'],['R01-PA-567-WW-005-02-1'],['R01-PA-566-GN-921-02-3'],['R01-PA-471-O-6200-33-1'],['R01-PA-567-O-6192-02-2'],['R01-PA-471-O-6197-02-2'],['R04-PA-562-WI-001-03-2'],['R01-PA-567-O-6230-01-5'],['R01-PA-567-O-6228-02-2'],['R01-PA-567-O-6231-02-2'],['R04-PA-471-O-6197-02-3'],['R01-PA-567-O-6246-02-3'],['R01-PA-931-HC-1079-03-1']
['R01-PA-567-O-6192-34-3'],['R01-PA-471-O-6197-39-1'],['R01-PA-229-O-9117-02-3'],['R01-PA-541-AY-254-03-2'],['R01-PA-614-SC-5058-02-3'],['R01-PA-590-BS-096-01-2'],['R01-PA-563-DR-002-02-1'],['R04-PA-567-O-6192-02-1'],['R01-PA-600-SL-1043-03-2'],['R04-PA-229-O-9116-02-1'],['R01-PA-574-WW-042-01-4'],['R01-PA-229-O-9116-02-3'],['R01-PA-568-NI-5056-02-2'],['R01-PA-567-WW-005-02-2'],['R01-PA-566-GN-921-02-4'],['R01-PA-471-O-6200-33-2'],['R01-PA-567-O-6192-02-3'],['R01-PA-471-O-6197-03-1'],['R04-PA-562-WI-001-03-3'],['R01-PA-567-O-6230-02-1'],['R01-PA-567-O-6228-02-3'],['R01-PA-567-O-6231-02-3'],['R04-PA-471-O-6197-03-1'],['R01-PA-567-O-6246-03-1'],['R01-PA-931-HC-1079-03-2']
['R01-PA-567-O-6192-34-4'],['R01-PA-471-O-6197-39-3'],['R01-PA-229-O-9117-02-4'],['R01-PA-541-AY-254-03-3'],['R01-PA-614-SC-5058-03-1'],['R01-PA-590-BS-096-01-3'],['R01-PA-563-WD-942-01-1'],['R04-PA-567-O-6192-02-2'],['R01-PA-600-SL-1043-03-3'],['R04-PA-229-O-9116-02-2'],['R01-PA-574-WW-042-02-1'],['R01-PA-229-O-9116-02-4'],['R01-PA-568-NI-5056-02-3'],['R01-PA-567-WW-005-02-3'],['R01-PA-566-GN-921-02-5'],['R01-PA-471-O-6226-01-1'],['R01-PA-567-O-6192-03-1'],['R01-PA-471-O-6197-03-2'],['R04-PA-562-WI-001-03-4'],['R01-PA-567-O-6230-02-2'],['R01-PA-567-O-6228-02-4'],['R01-PA-567-O-6231-03-1'],['R04-PA-471-O-6197-03-2'],['R01-PA-567-O-6246-03-2'],['R01-PA-931-HC-1079-03-3']
['R01-PA-567-O-6192-34-5'],['R01-PA-471-O-6197-39-4'],['R01-PA-229-O-9117-02-5'],['R01-PA-541-AY-254-03-4'],['R01-PA-614-SC-5058-03-2'],['R01-PA-590-BS-096-01-4'],['R01-PA-563-WD-942-01-2'],['R04-PA-567-O-6192-02-3'],['R01-PA-600-SL-1043-04-1'],['R04-PA-229-O-9116-02-3'],['R01-PA-574-WW-042-02-2'],['R01-PA-229-O-9116-02-5'],['R01-PA-568-NI-5056-03-1'],['R01-PA-567-WW-005-02-4'],['R01-PA-566-GN-921-02-6'],['R01-PA-471-O-6226-01-2'],['R01-PA-567-O-6192-03-2'],['R01-PA-471-O-6197-04-1'],['R04-PA-562-WI-001-03-5'],['R01-PA-567-O-6230-02-3'],['R01-PA-567-O-6228-03-1'],['R01-PA-567-O-6231-03-2'],['R04-PA-471-O-6197-03-3'],['R01-PA-567-O-6246-03-3'],['R01-PA-931-HC-1079-04-1']
['R01-PA-567-O-6199-01-1'],['R01-PA-471-O-6200-01-1'],['R01-PA-229-O-9117-03-1'],['R01-PA-541-AY-254-04-1'],['R01-PA-614-SC-5058-03-3'],['R01-PA-590-BS-096-02-1'],['R01-PA-563-WD-942-02-1'],['R04-PA-567-O-6192-03-1'],['R01-PA-600-SL-1043-04-2'],['R04-PA-229-O-9116-02-4'],['R01-PA-574-WW-042-02-3'],['R01-PA-229-O-9116-03-1'],['R01-PA-568-NI-5056-03-2'],['R01-PA-567-WW-005-03-1'],['R01-PA-566-GN-921-03-1'],['R01-PA-471-O-6226-01-3'],['R01-PA-567-O-6192-03-3'],['R01-PA-471-O-6197-04-3'],['R04-PA-562-WI-001-03-6'],['R01-PA-567-O-6230-02-4'],['R01-PA-567-O-6228-03-2'],['R01-PA-567-O-6231-03-3'],['R04-PA-471-O-6197-03-4'],['R01-PA-567-O-6246-04-1'],['R01-PA-931-HC-1079-04-2']
['R01-PA-567-O-6199-01-2'],['R01-PA-471-O-6200-01-2'],['R01-PA-229-O-9117-03-2'],['R01-PA-541-AY-254-04-2'],['R01-PA-614-SC-5058-03-4'],['R01-PA-590-BS-096-02-2'],['R01-PA-563-WD-942-02-2'],['R04-PA-567-O-6192-03-2'],['R01-PA-600-SL-1043-04-3'],['R04-PA-229-O-9116-03-1'],['R01-PA-574-WW-042-02-4'],['R01-PA-229-O-9116-03-2'],['R01-PA-568-NI-5056-03-3'],['R01-PA-567-WW-005-03-2'],['R01-PA-566-GN-921-03-2'],['R01-PA-471-O-6226-02-1'],['R01-PA-567-O-6192-04-1'],['R01-PA-471-O-6197-04-5'],['R04-PA-562-WI-001-04-1'],['R01-PA-567-O-6230-03-1'],['R01-PA-567-O-6228-04-1'],['R01-PA-567-O-6231-03-4'],['R04-PA-471-O-6197-04-1'],['R01-PA-567-O-6246-04-2'],['R01-PA-931-HC-1079-04-3']
['R01-PA-567-O-6199-01-3'],['R01-PA-471-O-6200-01-3'],['R01-PA-229-O-9117-03-3'],['R01-PA-541-AY-254-04-3'],['R01-PA-614-SC-5058-03-5'],['R01-PA-590-BS-096-02-3'],['R01-PA-563-WD-942-02-3'],['R04-PA-567-O-6192-03-3'],['R01-PA-600-SL-1043-05-1'],['R04-PA-229-O-9116-03-2'],['R01-PA-574-WW-042-02-5'],['R01-PA-229-O-9116-03-3'],['R01-PA-568-NI-5056-03-4'],['R01-PA-567-WW-005-03-3'],['R01-PA-566-GN-921-03-3'],['R01-PA-471-O-6226-02-2'],['R01-PA-567-O-6192-04-2'],['R01-PA-471-O-6197-05-1'],['R04-PA-562-WI-001-04-2'],['R01-PA-567-O-6230-03-2'],['R01-PA-567-O-6228-04-2'],['R01-PA-567-O-6231-03-5'],['R04-PA-471-O-6197-04-2'],['R01-PA-567-O-6246-04-3'],['R01-PA-931-HC-1079-05-1']
['R01-PA-567-O-6199-02-1'],['R01-PA-471-O-6200-02-1'],['R01-PA-229-O-9117-04-1'],['R01-PA-541-AY-254-04-4'],['R01-PA-614-SC-5058-03-6'],['R01-PA-590-BS-096-02-4'],['R01-PA-563-WD-942-02-4'],['R04-PA-567-O-6192-03-4'],['R01-PA-600-SL-1043-05-2'],['R04-PA-229-O-9116-03-3'],['R01-PA-574-WW-042-02-6'],['R01-PA-229-O-9116-03-4'],['R01-PA-568-NI-5056-04-1'],['R01-PA-567-WW-005-03-4'],['R01-PA-566-GN-921-03-4'],['R01-PA-471-O-6226-02-3'],['R01-PA-567-O-6192-04-3'],['R01-PA-471-O-6197-05-3'],['R04-PA-562-WI-001-04-3'],['R01-PA-567-O-6230-03-3'],['R01-PA-567-O-6228-04-3'],['R01-PA-567-O-6231-04-1'],['R04-PA-471-O-6197-04-3'],['R01-PA-567-O-6246-05-1'],['R01-PA-931-HC-1079-05-2']
['R01-PA-567-O-6199-02-2'],['R01-PA-471-O-6200-02-2'],['R01-PA-229-O-9117-04-2'],['R01-PA-541-AY-254-04-5'],['R01-PA-614-SC-5058-04-1'],['R01-PA-590-BS-096-02-5'],['R01-PA-563-WD-942-03-1'],['R04-PA-567-O-6192-03-5'],['R01-PA-600-SL-1043-05-3'],['R04-PA-229-O-9116-04-1'],['R01-PA-574-WW-042-02-7'],['R01-PA-229-O-9116-04-1'],['R01-PA-568-NI-5056-04-2'],['R01-PA-567-WW-005-03-5'],['R01-PA-566-GN-921-03-5'],['R01-PA-471-O-6226-03-1'],['R01-PA-567-O-6192-05-1'],['R01-PA-471-O-6197-05-5'],['R04-PA-562-WI-001-04-4'],['R01-PA-567-O-6230-04-1'],['R01-PA-567-O-6228-04-4'],['R01-PA-567-O-6231-04-2'],['R04-PA-471-O-6197-05-1'],['R01-PA-567-O-6246-05-2'],['R01-PA-931-HC-1079-05-3']
['R01-PA-567-O-6199-02-3'],['R01-PA-471-O-6200-02-3'],['R01-PA-229-O-9117-04-3'],['R01-PA-541-AY-254-05-1'],['R01-PA-614-SC-5058-04-2'],['R01-PA-590-BS-096-03-1'],['R01-PA-563-WD-942-03-2'],['R04-PA-567-O-6192-04-1'],['R01-PA-600-SL-1043-05-4'],['R04-PA-229-O-9116-04-2'],['R01-PA-574-WW-042-03-1'],['R01-PA-229-O-9116-04-2'],['R01-PA-568-NI-5056-04-3'],['R01-PA-567-WW-005-04-1'],['R01-PA-566-GN-921-04-1'],['R01-PA-471-O-6226-03-2'],['R01-PA-567-O-6192-05-2'],['R01-PA-471-O-6197-06-1'],['R04-PA-562-WI-001-04-5'],['R01-PA-567-O-6230-04-2'],['R01-PA-567-O-6228-05-1'],['R01-PA-567-O-6231-04-3'],['R04-PA-471-O-6197-05-2'],['R01-PA-567-O-6246-05-3'],['R01-PA-931-HC-1079-06-1']
['R01-PA-567-O-6199-02-4'],['R01-PA-471-O-6200-02-4'],['R01-PA-229-O-9117-05-1'],['R01-PA-541-AY-254-05-2'],['R01-PA-614-SC-5058-04-3'],['R01-PA-590-BS-096-03-2'],['R01-PA-563-WD-942-03-3'],['R04-PA-567-O-6192-04-2'],['R01-PA-600-SL-1043-05-5'],['R04-PA-229-O-9116-04-3'],['R01-PA-574-WW-042-03-2'],['R01-PA-229-O-9116-04-3'],['R01-PA-568-NI-5056-04-4'],['R01-PA-567-WW-005-04-2'],['R01-PA-566-GN-921-04-2'],['R01-PA-471-O-6226-03-3'],['R01-PA-567-O-6192-05-3'],['R01-PA-471-O-6197-06-2'],['R04-PA-562-WI-001-05-1'],['R01-PA-567-O-6230-04-3'],['R01-PA-567-O-6228-05-2'],['R01-PA-567-O-6231-04-4'],['R04-PA-471-O-6197-05-3'],['R01-PA-567-O-6246-06-1'],['R01-PA-931-HC-1079-06-2']
['R01-PA-567-O-6199-02-5'],['R01-PA-471-O-6200-03-1'],['R01-PA-229-O-9117-05-2'],['R01-PA-541-AY-254-05-3'],['R01-PA-614-SC-5058-04-4'],['R01-PA-590-BS-096-03-3'],['R01-PA-563-WD-942-03-4'],['R04-PA-567-O-6192-04-3'],['R01-PA-600-SL-1043-05-6'],['R04-PA-229-O-9116-04-4'],['R01-PA-574-WW-042-03-3'],['R01-PA-229-O-9116-05-1'],['R01-PA-568-NI-5056-05-1'],['R01-PA-567-WW-005-04-3'],['R01-PA-566-GN-921-04-3'],['R01-PA-471-O-6226-04-1'],['R01-PA-567-O-6192-06-1'],['R01-PA-471-O-6197-07-1'],['R04-PA-562-WI-001-05-2'],['R01-PA-567-O-6230-05-1'],['R01-PA-567-O-6228-05-3'],['R01-PA-567-O-6231-04-5'],['R04-PA-471-O-6200-01-1'],['R01-PA-567-O-6246-06-2'],['R01-PA-931-HC-1079-06-3']
['R01-PA-567-O-6199-03-1'],['R01-PA-471-O-6200-03-2'],['R01-PA-229-O-9117-05-3'],['R01-PA-541-AY-254-05-4'],['R01-PA-614-SC-5058-04-5'],['R01-PA-590-BS-096-03-4'],['R01-PA-563-WD-942-03-5'],['R04-PA-567-O-6199-01-1'],['R01-PA-600-SL-1043-06-1'],['R04-PA-229-O-9116-05-1'],['R01-PA-574-WW-042-04-1'],['R01-PA-229-O-9116-05-2'],['R01-PA-568-NI-5056-05-2'],['R01-PA-567-WW-005-05-1'],['R01-PA-566-GN-921-04-4'],['R01-PA-471-O-6226-04-2'],['R01-PA-567-O-6192-06-2'],['R01-PA-471-O-6197-07-3'],['R04-PA-562-WI-001-05-3'],['R01-PA-567-O-6230-05-2'],['R01-PA-567-O-6228-06-1'],['R01-PA-567-O-6231-05-1'],['R04-PA-471-O-6200-01-2'],['R01-PA-567-O-6246-06-3'],['R01-PA-931-HC-1079-06-4']
['R01-PA-567-O-6199-03-2'],['R01-PA-471-O-6200-03-3'],['R01-PA-229-O-9117-06-1'],['R01-PA-541-AY-254-05-5'],['R01-PA-614-SC-5058-04-6'],['R01-PA-590-BS-096-03-5'],['R01-PA-563-WD-943-01-1'],['R04-PA-567-O-6199-01-2'],['R01-PA-600-SL-1043-06-2'],['R04-PA-229-O-9116-05-2'],['R01-PA-574-WW-042-04-2'],['R01-PA-229-O-9116-05-3'],['R01-PA-568-NI-5056-05-3'],['R01-PA-567-WW-005-05-2'],['R01-PA-566-GN-921-05-1'],['R01-PA-471-O-6226-04-3'],['R01-PA-567-O-6192-06-3'],['R01-PA-471-O-6197-07-4'],['R04-PA-562-WI-001-05-4'],['R01-PA-567-O-6230-05-3'],['R01-PA-567-O-6228-06-2'],['R01-PA-567-O-6231-05-2'],['R04-PA-471-O-6200-01-3'],['R01-PA-567-O-6246-06-4'],['R01-PA-931-HC-1079-06-5']
['R01-PA-567-O-6199-03-3'],['R01-PA-471-O-6200-03-4'],['R01-PA-229-O-9117-06-2'],['R01-PA-541-AY-254-06-1'],['R01-PA-614-SC-5058-05-1'],['R01-PA-590-BS-096-03-6'],['R01-PA-563-WD-943-02-1'],['R04-PA-567-O-6199-02-1'],['R01-PA-600-SL-1043-06-3'],['R04-PA-229-O-9116-05-3'],['R01-PA-574-WW-042-04-3'],['R01-PA-229-O-9116-05-4'],['R01-PA-568-NI-5056-05-4'],['R01-PA-567-WW-005-05-3'],['R01-PA-566-GN-921-05-2'],['R01-PA-471-O-6226-04-4'],['R01-PA-567-O-6192-07-1'],['R01-PA-471-O-6197-08-1'],['R04-PA-562-WI-001-05-5'],['R01-PA-567-O-6230-05-4'],['R01-PA-567-O-6228-06-3'],['R01-PA-567-O-6231-05-3'],['R04-PA-471-O-6200-02-1'],['R01-PA-567-O-6246-06-5'],['R01-PA-931-HC-1079-06-6']
['R01-PA-567-O-6199-04-1'],['R01-PA-471-O-6200-04-1'],['R01-PA-229-O-9117-06-3'],['R01-PA-541-AY-254-06-2'],['R01-PA-614-SC-5058-05-2'],['R01-PA-590-BS-096-04-1'],['R01-PA-563-WD-943-02-2'],['R04-PA-567-O-6199-02-2'],['R01-PA-600-SL-1043-06-4'],['R04-PA-229-O-9116-05-4'],['R01-PA-574-WW-042-05-1'],['R01-PA-229-O-9116-05-5'],['R01-PA-568-NI-5056-06-1'],['R01-PA-567-WW-005-05-4'],['R01-PA-566-GN-921-05-3'],['R01-PA-471-O-6226-05-1'],['R01-PA-567-O-6192-07-2'],['R01-PA-471-O-6197-08-3'],['R04-PA-562-WI-001-06-1'],['R01-PA-567-O-6230-05-5'],['R01-PA-567-O-6228-07-1'],['R01-PA-567-O-6231-06-1'],['R04-PA-471-O-6200-02-2'],['R01-PA-567-O-6246-06-6'],['R01-PA-931-HC-1079-07-1']
['R01-PA-567-O-6199-04-2'],['R01-PA-471-O-6200-04-2'],['R01-PA-229-O-9117-07-1'],['R01-PA-541-AY-254-06-3'],['R01-PA-614-SC-5058-05-3'],['R01-PA-590-BS-096-04-2'],['R01-PA-563-WD-943-03-1'],['R04-PA-567-O-6199-02-3'],['R01-PA-600-SL-1043-06-5'],['R04-PA-229-O-9116-06-1'],['R01-PA-574-WW-042-05-2'],['R01-PA-229-O-9116-06-1'],['R01-PA-568-NI-5056-06-2'],['R01-PA-567-WW-005-06-1'],['R01-PA-566-GN-921-05-4'],['R01-PA-471-O-6226-05-2'],['R01-PA-567-O-6192-07-3'],['R01-PA-471-O-6197-08-5'],['R04-PA-562-WI-001-06-2'],['R01-PA-567-O-6230-05-6'],['R01-PA-567-O-6228-07-2'],['R01-PA-567-O-6231-06-2'],['R04-PA-471-O-6200-02-3'],['R01-PA-567-O-6246-06-7'],['R01-PA-931-HC-1079-07-2']
['R01-PA-567-O-6199-04-3'],['R01-PA-471-O-6200-04-3'],['R01-PA-229-O-9117-07-2'],['R01-PA-541-AY-254-06-4'],['R01-PA-614-SC-5058-05-4'],['R01-PA-590-BS-096-04-3'],['R01-PA-563-WD-943-03-2'],['R04-PA-567-O-6199-02-4'],['R01-PA-600-SL-1043-07-1'],['R04-PA-229-O-9116-06-2'],['R01-PA-574-WW-042-05-3'],['R01-PA-229-O-9116-06-2'],['R01-PA-568-NI-5056-06-3'],['R01-PA-567-WW-005-06-2'],['R01-PA-566-GN-921-06-1'],['R01-PA-471-O-6226-05-3'],['R01-PA-567-O-6192-08-1'],['R01-PA-471-O-6197-09-1'],['R04-PA-562-WI-001-06-3'],['R01-PA-567-O-6230-06-1'],['R01-PA-567-O-6228-07-3'],['R01-PA-567-O-6231-06-3'],['R04-PA-471-O-6200-03-1'],['R01-PA-567-O-6246-07-1'],['R01-PA-931-HC-1079-07-3']
['R01-PA-567-O-6199-05-1'],['R01-PA-471-O-6200-04-4'],['R01-PA-229-O-9117-07-3'],['R01-PA-541-AY-254-07-1'],['R01-PA-614-SC-5058-05-5'],['R01-PA-590-BS-096-04-4'],['R01-PA-563-WD-943-03-3'],['R04-PA-567-O-6199-03-1'],['R01-PA-600-SL-1043-07-2'],['R04-PA-229-O-9116-06-3'],['R01-PA-574-WW-042-06-1'],['R01-PA-229-O-9116-06-3'],['R01-PA-568-NI-5056-07-1'],['R01-PA-567-WW-005-06-3'],['R01-PA-566-GN-921-06-2'],['R01-PA-471-O-6226-05-4'],['R01-PA-567-O-6192-08-2'],['R01-PA-471-O-6197-09-3'],['R04-PA-562-WI-001-06-4'],['R01-PA-567-O-6230-06-2'],['R01-PA-567-O-6228-08-1'],['R01-PA-567-O-6231-06-4'],['R04-PA-471-O-6200-03-2'],['R01-PA-567-O-6246-07-2'],['R01-PA-931-HC-1079-08-1']
['R01-PA-567-O-6199-06-1'],['R01-PA-471-O-6200-05-1'],['R01-PA-229-O-9117-08-1'],['R01-PA-541-AY-254-07-3'],['R01-PA-614-SC-5058-05-6'],['R01-PA-590-BS-096-04-5'],['R01-PA-563-WD-943-04-1'],['R04-PA-567-O-6199-03-2'],['R01-PA-600-SL-1043-07-3'],['R04-PA-229-O-9116-07-1'],['R01-PA-574-WW-042-06-2'],['R01-PA-229-O-9116-06-4'],['R01-PA-568-NI-5056-07-2'],['R01-PA-567-WW-005-06-4'],['R01-PA-566-GN-921-06-3'],['R01-PA-471-O-6226-06-1'],['R01-PA-567-O-6192-08-3'],['R01-PA-471-O-6197-10-1'],['R04-PA-562-WI-001-07-1'],['R01-PA-567-O-6230-06-3'],['R01-PA-567-O-6228-08-2'],['R01-PA-567-O-6231-07-1'],['R04-PA-471-O-6200-03-3'],['R01-PA-567-O-6246-07-3'],['R01-PA-931-HC-1079-08-2']
['R01-PA-567-O-6199-06-2'],['R01-PA-471-O-6200-05-2'],['R01-PA-229-O-9117-08-2'],['R01-PA-562-DR-001-01-1'],['R01-PA-614-SC-5058-06-1'],['R01-PA-590-BS-096-05-1'],['R01-PA-563-WD-943-04-2'],['R04-PA-567-O-6199-03-3'],['R01-PA-600-SL-1043-07-4'],['R04-PA-229-O-9116-07-2'],['R01-PA-574-WW-042-06-3'],['R01-PA-229-O-9116-07-1'],['R01-PA-568-NI-5056-07-3'],['R01-PA-567-WW-005-07-1'],['R01-PA-566-GN-921-06-4'],['R01-PA-471-O-6226-06-2'],['R01-PA-567-O-6192-08-4'],['R01-PA-471-O-6197-10-2'],['R04-PA-562-WI-001-07-2'],['R01-PA-567-O-6230-07-1'],['R01-PA-567-O-6228-08-3'],['R01-PA-567-O-6231-07-2'],['R04-PA-471-O-6200-03-4'],['R01-PA-567-O-6246-08-1'],['R01-PA-931-HC-1079-08-3']
['R01-PA-567-O-6199-06-3'],['R01-PA-471-O-6200-05-3'],['R01-PA-229-O-9117-08-3'],['R01-PA-562-DR-001-01-2'],['R01-PA-614-SC-5058-06-2'],['R01-PA-590-BS-096-05-2'],['R01-PA-563-WD-943-04-3'],['R04-PA-567-O-6199-04-1'],['R01-PA-600-SL-1043-08-1'],['R04-PA-229-O-9116-07-3'],['R01-PA-574-WW-042-07-1'],['R01-PA-229-O-9116-07-2'],['R01-PA-568-NI-5056-07-4'],['R01-PA-567-WW-005-07-2'],['R01-PA-566-GN-921-99-1'],['R01-PA-471-O-6226-06-3'],['R01-PA-567-O-6192-09-1'],['R01-PA-471-O-6197-10-3'],['R04-PA-562-WI-001-07-3'],['R01-PA-567-O-6230-07-2'],['R01-PA-567-O-6228-08-4'],['R01-PA-567-O-6231-07-3'],['R04-PA-471-O-6200-03-5'],['R01-PA-567-O-6246-08-2'],['R01-PA-931-HC-1079-08-4']
['R01-PA-567-O-6199-07-1'],['R01-PA-471-O-6200-06-1'],['R01-PA-229-O-9117-08-4'],['R01-PA-562-WI-001-01-1'],['R01-PA-614-SC-5058-06-3'],['R01-PA-590-BS-096-05-3'],['R01-PA-563-WD-943-04-4'],['R04-PA-567-O-6199-04-2'],['R01-PA-600-SL-1043-08-2'],['R04-PA-229-O-9116-07-4'],['R01-PA-574-WW-042-07-2'],['R01-PA-229-O-9116-07-3'],['R01-PA-568-NI-5056-07-5'],['R01-PA-567-WW-005-07-3'],['R01-PA-566-GN-922-01-1'],['R01-PA-471-O-6226-06-4'],['R01-PA-567-O-6192-09-2'],['R01-PA-471-O-6197-11-1'],['R04-PA-562-WI-001-07-4'],['R01-PA-567-O-6230-07-3'],['R01-PA-567-O-6228-09-1'],['R01-PA-567-O-6231-07-4'],['R04-PA-471-O-6200-04-1'],['R01-PA-567-O-6246-08-3'],['R01-PA-931-HC-1079-09-1']
['R01-PA-567-O-6199-07-2'],['R01-PA-471-O-6200-06-2'],['R01-PA-229-O-9117-09-1'],['R01-PA-562-WI-001-01-2'],['R01-PA-614-SC-5058-06-4'],['R01-PA-590-BS-096-05-4'],['R01-PA-563-WD-943-05-1'],['R04-PA-567-O-6199-04-3'],['R01-PA-600-SL-1043-08-3'],['R04-PA-229-O-9116-08-1'],['R01-PA-574-WW-042-07-3'],['R01-PA-229-O-9116-07-4'],['R01-PA-568-NI-5056-08-1'],['R01-PA-567-WW-005-07-4'],['R01-PA-566-GN-922-01-2'],['R01-PA-471-O-6226-06-5'],['R01-PA-567-O-6192-09-3'],['R01-PA-471-O-6197-11-3'],['R04-PA-562-WI-001-08-1'],['R01-PA-567-O-6230-07-4'],['R01-PA-567-O-6228-09-2'],['R01-PA-567-O-6231-08-1'],['R04-PA-471-O-6200-04-2'],['R01-PA-567-O-6246-08-4'],['R01-PA-931-HC-1079-09-2']
['R01-PA-567-O-6199-07-3'],['R01-PA-471-O-6200-06-3'],['R01-PA-229-O-9117-09-2'],['R01-PA-562-WI-001-01-3'],['R01-PA-614-SC-5058-06-5'],['R01-PA-590-BS-096-05-5'],['R01-PA-563-WD-943-05-2'],['R04-PA-567-O-6199-05-1'],['R01-PA-600-SL-1043-08-4'],['R04-PA-229-O-9116-08-2'],['R01-PA-574-WW-042-08-1'],['R01-PA-229-O-9116-07-5'],['R01-PA-568-NI-5056-08-2'],['R01-PA-567-WW-005-07-5'],['R01-PA-566-GN-922-01-3'],['R01-PA-471-O-6226-07-1'],['R01-PA-567-O-6192-10-1'],['R01-PA-471-O-6197-11-5'],['R04-PA-562-WI-001-08-2'],['R01-PA-567-O-6230-07-5'],['R01-PA-567-O-6228-09-3'],['R01-PA-567-O-6231-08-2'],['R04-PA-471-O-6200-04-3'],['R01-PA-567-O-6246-08-5'],['R01-PA-931-HC-1079-09-3']
['R01-PA-567-O-6199-08-1'],['R01-PA-471-O-6200-06-4'],['R01-PA-229-O-9117-09-3'],['R01-PA-562-WI-001-01-4'],['R01-PA-614-SC-5058-07-1'],['R01-PA-590-BS-096-05-6'],['R01-PA-563-WD-943-05-3'],['R04-PA-567-O-6199-05-2'],['R01-PA-600-SL-1043-09-1'],['R04-PA-229-O-9116-08-3'],['R01-PA-574-WW-042-08-2'],['R01-PA-229-O-9116-08-1'],['R01-PA-568-NI-5056-08-3'],['R01-PA-567-WW-005-08-1'],['R01-PA-566-GN-922-01-4'],['R01-PA-471-O-6226-07-2'],['R01-PA-567-O-6192-10-2'],['R01-PA-471-O-6197-12-1'],['R04-PA-562-WI-001-08-3'],['R01-PA-567-O-6230-08-1'],['R01-PA-567-O-6228-10-1'],['R01-PA-567-O-6231-08-3'],['R04-PA-471-O-6226-01-1'],['R01-PA-567-O-6246-08-6'],['R01-PA-931-HC-1079-09-4']
['R01-PA-567-O-6199-08-2'],['R01-PA-471-O-6200-07-1'],['R01-PA-229-O-9117-09-4'],['R01-PA-562-WI-001-01-5'],['R01-PA-614-SC-5058-07-2'],['R01-PA-590-BS-096-06-1'],['R01-PA-563-WD-943-05-4'],['R04-PA-567-O-6199-05-3'],['R01-PA-600-SL-1043-09-2'],['R04-PA-229-O-9116-08-4'],['R01-PA-574-WW-042-08-3'],['R01-PA-229-O-9116-08-2'],['R01-PA-568-NI-5056-08-4'],['R01-PA-567-WW-005-08-2'],['R01-PA-566-GN-922-02-1'],['R01-PA-471-O-6226-07-3'],['R01-PA-567-O-6192-10-3'],['R01-PA-471-O-6197-12-3'],['R04-PA-562-WI-001-08-4'],['R01-PA-567-O-6230-08-2'],['R01-PA-567-O-6228-10-2'],['R01-PA-567-O-6231-08-4'],['R04-PA-471-O-6226-01-2'],['R01-PA-567-O-6246-09-1'],['R01-PA-931-HC-1079-10-1']
['R01-PA-567-O-6199-08-3'],['R01-PA-471-O-6200-07-2'],['R01-PA-229-O-9117-10-1'],['R01-PA-562-WI-001-02-1'],['R01-PA-614-SC-5058-07-3'],['R01-PA-590-BS-096-06-2'],['R01-PA-563-WD-943-06-1'],['R04-PA-567-O-6200-01-1'],['R01-PA-600-SL-1043-09-3'],['R04-PA-229-O-9116-09-1'],['R01-PA-574-WW-042-09-1'],['R01-PA-229-O-9116-08-3'],['R01-PA-568-NI-5056-09-1'],['R01-PA-567-WW-005-08-3'],['R01-PA-566-GN-922-02-2'],['R01-PA-471-O-6226-08-1'],['R01-PA-567-O-6192-11-1'],['R01-PA-471-O-6197-12-5'],['R04-PA-562-WI-001-09-1'],['R01-PA-567-O-6230-08-3'],['R01-PA-567-O-6228-10-3'],['R01-PA-567-O-6231-09-1'],['R04-PA-471-O-6226-01-3'],['R01-PA-567-O-6246-09-2'],['R01-PA-931-HC-1079-10-2']
['R01-PA-567-O-6199-08-4'],['R01-PA-471-O-6200-07-3'],['R01-PA-229-O-9117-10-2'],['R01-PA-562-WI-001-02-2'],['R01-PA-614-SC-5058-07-4'],['R01-PA-590-BS-096-06-3'],['R01-PA-563-WD-943-06-2'],['R04-PA-567-O-6200-01-2'],['R01-PA-600-SL-1043-09-4'],['R04-PA-229-O-9116-09-2'],['R01-PA-574-WW-042-09-2'],['R01-PA-229-O-9116-08-4'],['R01-PA-568-NI-5056-09-2'],['R01-PA-567-WW-005-08-4'],['R01-PA-566-GN-922-02-3'],['R01-PA-471-O-6226-08-2'],['R01-PA-567-O-6192-11-2'],['R01-PA-471-O-6197-13-1'],['R04-PA-562-WI-001-09-2'],['R01-PA-567-O-6230-08-4'],['R01-PA-567-O-6228-11-1'],['R01-PA-567-O-6231-09-2'],['R04-PA-471-O-6226-01-4'],['R01-PA-567-O-6246-09-3'],['R01-PA-931-HC-1079-10-3']
['R01-PA-567-O-6199-09-1'],['R01-PA-471-O-6200-08-1'],['R01-PA-229-O-9117-10-3'],['R01-PA-562-WI-001-02-3'],['R01-PA-614-SC-5058-07-5'],['R01-PA-590-BS-096-06-4'],['R01-PA-563-WD-943-06-3'],['R04-PA-567-O-6200-02-1'],['R01-PA-600-SL-1043-10-1'],['R04-PA-229-O-9116-09-3'],['R01-PA-574-WW-042-09-3'],['R01-PA-229-O-9116-08-5'],['R01-PA-568-NI-5056-09-3'],['R01-PA-567-WW-005-08-5'],['R01-PA-566-GN-922-03-1'],['R01-PA-471-O-6226-08-3'],['R01-PA-567-O-6192-11-3'],['R01-PA-471-O-6197-13-3'],['R04-PA-562-WI-001-09-3'],['R01-PA-567-O-6230-09-1'],['R01-PA-567-O-6228-11-2'],['R01-PA-567-O-6231-09-3'],['R04-PA-471-O-6226-02-1'],['R01-PA-567-O-6246-10-1'],['R01-PA-931-HC-1079-10-4']
['R01-PA-567-O-6199-09-2'],['R01-PA-471-O-6200-08-2'],['R01-PA-229-O-9117-10-4'],['R01-PA-562-WI-001-02-4'],['R01-PA-614-SC-5058-08-1'],['R01-PA-590-BS-096-06-5'],['R01-PA-563-WD-943-07-1'],['R04-PA-567-O-6200-02-2'],['R01-PA-600-SL-1043-10-2'],['R04-PA-229-O-9116-09-4'],['R01-PA-574-WW-042-10-1'],['R01-PA-229-O-9116-09-1'],['R01-PA-568-NI-5056-09-4'],['R01-PA-567-WW-005-08-6'],['R01-PA-566-GN-922-03-2'],['R01-PA-471-O-6226-08-4'],['R01-PA-567-O-6192-12-1'],['R01-PA-471-O-6197-13-5'],['R04-PA-562-WI-001-09-4'],['R01-PA-567-O-6230-09-2'],['R01-PA-567-O-6228-11-3'],['R01-PA-567-O-6231-09-4'],['R04-PA-471-O-6226-02-2'],['R01-PA-567-O-6246-10-2'],['R01-PA-931-HC-1079-10-5']
['R01-PA-567-O-6199-09-3'],['R01-PA-471-O-6200-08-3'],['R01-PA-229-O-9117-11-1'],['R01-PA-562-WI-001-03-1'],['R01-PA-614-SC-5058-08-2'],['R01-PA-590-BS-096-06-6'],['R01-PA-563-WD-943-07-2'],['R04-PA-567-O-6200-02-3'],['R01-PA-600-SL-1043-10-3'],['R04-PA-229-O-9116-09-5'],['R01-PA-574-WW-042-10-2'],['R01-PA-229-O-9116-09-2'],['R01-PA-568-NI-5056-10-1'],['R01-PA-567-WW-005-09-1'],['R01-PA-566-GN-922-03-3'],['R01-PA-471-O-6226-09-1'],['R01-PA-567-O-6192-12-2'],['R01-PA-471-O-6197-14-1'],['R04-PA-562-WI-001-10-1'],['R01-PA-567-O-6230-09-3'],['R01-PA-567-O-6228-11-4'],['R01-PA-567-O-6231-09-5'],['R04-PA-471-O-6226-02-3'],['R01-PA-567-O-6246-10-3'],['R01-PA-931-HC-1079-10-6']
['R01-PA-567-O-6199-10-1'],['R01-PA-471-O-6200-09-1'],['R01-PA-229-O-9117-11-2'],['R01-PA-562-WI-001-03-2'],['R01-PA-614-SC-5058-08-3'],['R01-PA-590-BS-096-06-7'],['R01-PA-563-WD-943-07-3'],['R04-PA-567-O-6200-03-1'],['R01-PA-600-SL-1043-10-4'],['R04-PA-229-O-9116-09-6'],['R01-PA-574-WW-042-10-3'],['R01-PA-229-O-9116-09-3'],['R01-PA-568-NI-5056-10-2'],['R01-PA-567-WW-005-09-2'],['R01-PA-566-GN-922-04-1'],['R01-PA-471-O-6226-09-2'],['R01-PA-567-O-6192-12-3'],['R01-PA-471-O-6197-14-3'],['R04-PA-562-WI-001-10-2'],['R01-PA-567-O-6230-09-4'],['R01-PA-567-O-6228-11-5'],['R01-PA-567-O-6231-10-1'],['R04-PA-471-O-6226-03-1'],['R01-PA-567-O-6246-11-1'],['R01-PA-931-HC-1079-11-1']
['R01-PA-567-O-6199-10-2'],['R01-PA-471-O-6200-09-2'],['R01-PA-229-O-9117-11-3'],['R01-PA-562-WI-001-03-3'],['R01-PA-614-SC-5058-08-4'],['R01-PA-590-BS-096-07-1'],['R01-PA-563-WD-943-08-1'],['R04-PA-567-O-6200-03-2'],['R01-PA-600-SL-1043-11-1'],['R04-PA-229-O-9116-10-1'],['R01-PA-574-WW-042-10-4'],['R01-PA-229-O-9116-09-4'],['R01-PA-568-NI-5056-10-3'],['R01-PA-567-WW-005-09-3'],['R01-PA-566-GN-922-04-2'],['R01-PA-471-O-6226-09-3'],['R01-PA-567-O-6192-13-1'],['R01-PA-471-O-6197-14-5'],['R04-PA-562-WI-001-10-3'],['R01-PA-567-O-6230-10-1'],['R01-PA-567-O-6228-12-1'],['R01-PA-567-O-6231-10-2'],['R04-PA-471-O-6226-03-2'],['R01-PA-567-O-6246-11-2'],['R01-PA-931-HC-1079-11-2']
['R01-PA-567-O-6199-10-3'],['R01-PA-471-O-6200-09-3'],['R01-PA-229-O-9117-11-4'],['R01-PA-562-WI-001-03-4'],['R01-PA-614-SC-5058-08-5'],['R01-PA-590-BS-096-07-2'],['R01-PA-563-WD-943-08-2'],['R04-PA-567-O-6200-03-3'],['R01-PA-600-SL-1043-11-2'],['R04-PA-229-O-9116-10-2'],['R01-PA-574-WW-042-10-5'],['R01-PA-229-O-9116-09-5'],['R01-PA-568-NI-5056-10-4'],['R01-PA-567-WW-005-10-1'],['R01-PA-566-GN-922-04-3'],['R01-PA-471-O-6226-09-4'],['R01-PA-567-O-6192-13-2'],['R01-PA-471-O-6197-15-1'],['R04-PA-562-WI-001-10-4'],['R01-PA-567-O-6230-10-2'],['R01-PA-567-O-6228-12-2'],['R01-PA-567-O-6231-10-3'],['R04-PA-471-O-6226-03-3'],['R01-PA-567-O-6246-11-3'],['R01-PA-931-HC-1079-11-3']
['R01-PA-567-O-6199-11-1'],['R01-PA-471-O-6200-10-1'],['R01-PA-229-O-9117-11-5'],['R01-PA-562-WI-001-04-1'],['R01-PA-614-SC-5058-09-1'],['R01-PA-590-BS-096-07-3'],['R01-PA-563-WD-943-08-3'],['R04-PA-567-O-6200-04-1'],['R01-PA-600-SL-1043-11-3'],['R04-PA-229-O-9116-10-3'],['R01-PA-574-WW-042-10-6'],['R01-PA-229-O-9116-10-1'],['R01-PA-568-NI-5056-10-5'],['R01-PA-567-WW-005-10-2'],['R01-PA-566-GN-922-05-1'],['R01-PA-471-O-6226-09-5'],['R01-PA-567-O-6192-13-3'],['R01-PA-471-O-6197-15-2'],['R04-PA-562-WI-001-11-1'],['R01-PA-567-O-6230-10-3'],['R01-PA-567-O-6228-13-1'],['R01-PA-567-O-6231-10-4'],['R04-PA-471-O-6226-04-1'],['R01-PA-567-O-6246-11-4'],['R01-PA-931-HC-1079-12-1']
['R01-PA-567-O-6199-11-2'],['R01-PA-471-O-6200-10-2'],['R01-PA-229-O-9117-12-1'],['R01-PA-562-WI-001-04-2'],['R01-PA-614-SC-5058-09-2'],['R01-PA-590-BS-096-07-4'],['R01-PA-563-WD-943-08-4'],['R04-PA-567-O-6200-04-2'],['R01-PA-600-SL-1043-11-4'],['R04-PA-229-O-9116-10-4'],['R01-PA-574-WW-042-11-1'],['R01-PA-229-O-9116-10-2'],['R01-PA-568-NI-5056-10-6'],['R01-PA-567-WW-005-10-3'],['R01-PA-566-GN-922-05-2'],['R01-PA-471-O-6226-10-1'],['R01-PA-567-O-6192-14-1'],['R01-PA-471-O-6197-15-3'],['R04-PA-562-WI-001-11-2'],['R01-PA-567-O-6230-11-1'],['R01-PA-567-O-6228-13-2'],['R01-PA-567-O-6231-11-1'],['R04-PA-471-O-6226-04-2'],['R01-PA-567-O-6247-01-1'],['R01-PA-931-HC-1079-12-2']
['R01-PA-567-O-6199-12-1'],['R01-PA-471-O-6200-10-3'],['R01-PA-229-O-9117-12-2'],['R01-PA-562-WI-001-04-3'],['R01-PA-614-SC-5058-09-3'],['R01-PA-590-BS-096-07-5'],['R01-PA-563-WD-943-09-1'],['R04-PA-567-O-6200-04-3'],['R01-PA-600-SL-1043-11-5'],['R04-PA-229-O-9116-11-1'],['R01-PA-574-WW-042-11-2'],['R01-PA-229-O-9116-10-3'],['R01-PA-568-NI-5056-11-1'],['R01-PA-567-WW-005-10-4'],['R01-PA-566-GN-922-05-3'],['R01-PA-471-O-6226-10-2'],['R01-PA-567-O-6192-14-2'],['R01-PA-471-O-6197-16-1'],['R04-PA-562-WI-001-11-3'],['R01-PA-567-O-6230-11-2'],['R01-PA-567-O-6228-14-1'],['R01-PA-567-O-6231-11-2'],['R04-PA-471-O-6226-04-3'],['R01-PA-567-O-6247-01-2'],['R01-PA-931-HC-1079-12-3']
['R01-PA-567-O-6199-12-2'],['R01-PA-471-O-6200-11-1'],['R01-PA-229-O-9117-12-3'],['R01-PA-562-WI-001-04-4'],['R01-PA-614-SC-5058-09-4'],['R01-PA-590-BS-096-07-6'],['R01-PA-563-WD-943-09-2'],['R04-PA-567-O-6200-05-1'],['R01-PA-600-SL-1043-12-1'],['R04-PA-229-O-9116-11-2'],['R01-PA-574-WW-042-11-3'],['R01-PA-229-O-9116-10-4'],['R01-PA-568-NI-5056-11-2'],['R01-PA-567-WW-005-11-1'],['R01-PA-566-GN-922-06-1'],['R01-PA-471-O-6226-10-3'],['R01-PA-567-O-6192-14-3'],['R01-PA-471-O-6197-16-2'],['R04-PA-562-WI-001-11-4'],['R01-PA-567-O-6230-11-3'],['R01-PA-567-O-6228-14-2'],['R01-PA-567-O-6231-11-3'],['R04-PA-471-O-6226-05-1'],['R01-PA-567-O-6247-02-1'],['R01-PA-931-HC-1079-12-4']
['R01-PA-567-O-6199-12-3'],['R01-PA-471-O-6200-11-2'],['R01-PA-229-O-9117-13-1'],['R01-PA-562-WI-001-04-5'],['R01-PA-614-SC-5058-09-5'],['R01-PA-590-BS-096-08-1'],['R01-PA-563-WD-943-09-3'],['R04-PA-567-O-6200-05-2'],['R01-PA-600-SL-1043-12-2'],['R04-PA-229-O-9116-11-3'],['R01-PA-574-WW-042-12-1'],['R01-PA-229-O-9116-10-5'],['R01-PA-568-NI-5056-11-3'],['R01-PA-567-WW-005-11-2'],['R01-PA-566-GN-922-06-2'],['R01-PA-471-O-6226-11-1'],['R01-PA-567-O-6192-15-1'],['R01-PA-471-O-6197-17-1'],['R04-PA-562-WI-001-12-1'],['R01-PA-567-O-6230-11-4'],['R01-PA-567-O-6228-14-3'],['R01-PA-567-O-6231-12-1'],['R04-PA-471-O-6226-05-2'],['R01-PA-567-O-6247-02-2'],['R01-PA-931-HC-1079-13-1']
['R01-PA-567-O-6199-13-1'],['R01-PA-471-O-6200-11-3'],['R01-PA-229-O-9117-13-2'],['R01-PA-562-WI-001-05-1'],['R01-PA-614-SC-5058-09-6'],['R01-PA-590-BS-096-08-2'],['R01-PA-563-WD-943-09-4'],['R04-PA-567-O-6200-05-3'],['R01-PA-600-SL-1043-12-3'],['R04-PA-229-O-9116-11-4'],['R01-PA-574-WW-042-12-2'],['R01-PA-229-O-9116-11-1'],['R01-PA-568-NI-5056-11-4'],['R01-PA-567-WW-005-11-3'],['R01-PA-566-GN-922-06-3'],['R01-PA-471-O-6226-11-2'],['R01-PA-567-O-6192-15-2'],['R01-PA-471-O-6197-17-3'],['R04-PA-562-WI-001-12-2'],['R01-PA-567-O-6230-11-5'],['R01-PA-567-O-6228-15-1'],['R01-PA-567-O-6231-12-2'],,['R01-PA-567-O-6247-02-3'],['R01-PA-931-HC-1079-13-2']
['R01-PA-567-O-6199-13-2'],['R01-PA-471-O-6200-12-1'],['R01-PA-229-O-9117-13-3'],['R01-PA-562-WI-001-05-2'],['R01-PA-614-SC-5058-09-7'],['R01-PA-590-BS-096-08-3'],['R01-PA-563-WD-943-10-1'],['R04-PA-567-O-6200-05-4'],['R01-PA-600-SL-1043-13-1'],['R04-PA-229-O-9116-11-5'],['R01-PA-574-WW-042-12-3'],['R01-PA-229-O-9116-11-2'],['R01-PA-568-NI-5056-12-1'],['R01-PA-567-WW-005-11-4'],['R01-PA-566-GN-922-07-1'],['R01-PA-471-O-6226-11-3'],['R01-PA-567-O-6192-15-3'],['R01-PA-471-O-6197-17-5'],['R04-PA-562-WI-001-12-3'],['R01-PA-567-O-6230-12-1'],['R01-PA-567-O-6228-15-2'],['R01-PA-567-O-6231-12-3'],,['R01-PA-567-O-6247-02-4'],['R01-PA-931-HC-1079-13-3']
['R01-PA-567-O-6199-13-3'],['R01-PA-471-O-6200-12-2'],['R01-PA-229-O-9117-13-4'],['R01-PA-562-WI-001-05-3'],['R01-PA-614-SC-5058-10-1'],['R01-PA-590-BS-096-08-4'],['R01-PA-563-WD-943-10-2'],['R04-PA-567-O-6201-01-1'],['R01-PA-600-SL-1043-13-2'],['R04-PA-229-O-9116-12-1'],['R01-PA-574-WW-042-13-1'],['R01-PA-229-O-9116-11-3'],['R01-PA-568-NI-5056-12-2'],['R01-PA-567-WW-005-11-5'],['R01-PA-566-GN-922-07-2'],['R01-PA-471-O-6226-12-1'],['R01-PA-567-O-6192-16-1'],['R01-PA-471-O-6197-18-1'],['R04-PA-562-WI-001-12-4'],['R01-PA-567-O-6230-12-2'],['R01-PA-567-O-6228-15-3'],['R01-PA-567-O-6231-12-4'],,['R01-PA-567-O-6247-03-1'],['R01-PA-931-HC-1079-13-4']
['R01-PA-567-O-6199-14-1'],['R01-PA-471-O-6200-12-3'],['R01-PA-229-O-9117-13-5'],['R01-PA-562-WI-001-05-4'],['R01-PA-614-SC-5058-10-2'],['R01-PA-590-BS-096-08-5'],['R01-PA-563-WD-943-10-3'],['R04-PA-567-O-6201-01-2'],['R01-PA-600-SL-1043-13-3'],['R04-PA-229-O-9116-12-2'],['R01-PA-574-WW-042-13-2'],['R01-PA-229-O-9116-11-4'],['R01-PA-568-NI-5056-12-3'],['R01-PA-567-WW-005-11-6'],['R01-PA-566-GN-922-07-3'],['R01-PA-471-O-6226-12-2'],['R01-PA-567-O-6192-16-2'],['R01-PA-471-O-6197-18-3'],['R04-PA-562-WI-001-13-1'],['R01-PA-567-O-6230-12-3'],['R01-PA-567-O-6228-16-1'],['R01-PA-567-O-6231-13-1'],,['R01-PA-567-O-6247-03-2'],['R01-PA-931-HC-1079-13-5']
['R01-PA-567-O-6199-14-2'],['R01-PA-471-O-6200-12-4'],['R01-PA-229-O-9117-14-1'],['R01-PA-562-WI-001-05-5'],['R01-PA-614-SC-5058-10-3'],['R01-PA-590-BS-096-08-6'],['R01-PA-563-WD-943-11-1'],['R04-PA-567-O-6201-02-1'],['R01-PA-600-SL-1043-13-4'],['R04-PA-229-O-9116-12-3'],['R01-PA-574-WW-042-13-3'],['R01-PA-229-O-9116-11-5'],['R01-PA-568-NI-5056-12-4'],['R01-PA-567-WW-005-12-1'],['R01-PA-566-GN-922-08-1'],['R01-PA-471-O-6226-12-3'],['R01-PA-567-O-6192-16-3'],['R01-PA-471-O-6197-18-5'],['R04-PA-562-WI-001-13-2'],['R01-PA-567-O-6230-12-4'],['R01-PA-567-O-6228-16-2'],['R01-PA-567-O-6231-13-2'],,['R01-PA-567-O-6247-03-3'],['R01-PA-931-HC-1079-14-1']
['R01-PA-567-O-6199-14-3'],['R01-PA-471-O-6200-13-1'],['R01-PA-229-O-9117-14-2'],['R01-PA-562-WI-001-06-1'],['R01-PA-614-SC-5058-10-4'],['R01-PA-590-BS-096-08-7'],['R01-PA-563-WD-943-11-2'],['R04-PA-567-O-6201-02-2'],['R01-PA-600-SL-1043-13-5'],['R04-PA-229-O-9116-12-4'],['R01-PA-574-WW-042-14-1'],['R01-PA-229-O-9116-12-1'],['R01-PA-568-NI-5056-13-1'],['R01-PA-567-WW-005-12-2'],['R01-PA-566-GN-922-08-2'],['R01-PA-471-O-6226-12-4'],['R01-PA-567-O-6192-17-1'],['R01-PA-471-O-6197-19-1'],['R04-PA-562-WI-001-13-3'],['R01-PA-567-O-6230-13-1'],['R01-PA-567-O-6228-16-3'],['R01-PA-567-O-6231-13-3'],,['R01-PA-567-O-6247-04-1'],['R01-PA-931-HC-1079-14-2']
['R01-PA-567-O-6199-14-4'],['R01-PA-471-O-6200-13-2'],['R01-PA-229-O-9117-14-3'],['R01-PA-562-WI-001-06-2'],['R01-PA-614-SC-5058-10-5'],['R01-PA-590-BS-096-08-8'],['R01-PA-563-WD-943-11-3'],['R04-PA-567-O-6201-03-1'],['R01-PA-600-SL-1043-14-1'],['R04-PA-229-O-9116-12-5'],['R01-PA-574-WW-042-14-2'],['R01-PA-229-O-9116-12-2'],['R01-PA-568-NI-5056-13-2'],['R01-PA-567-WW-005-12-3'],['R01-PA-566-GN-922-08-3'],['R01-PA-471-O-6226-13-1'],['R01-PA-567-O-6192-17-2'],['R01-PA-471-O-6197-19-3'],,['R01-PA-567-O-6230-13-2'],['R01-PA-567-O-6228-16-4'],['R01-PA-567-O-6231-13-4'],,['R01-PA-567-O-6247-04-2'],['R01-PA-931-HC-1079-14-3']
['R01-PA-567-O-6200-01-1'],['R01-PA-471-O-6200-13-3'],['R01-PA-229-O-9117-15-1'],['R01-PA-562-WI-001-06-3'],['R01-PA-614-SC-5058-10-6'],['R01-PA-590-BS-096-08-9'],['R01-PA-563-WD-943-12-1'],['R04-PA-567-O-6201-03-2'],['R01-PA-600-SL-1043-14-2'],['R04-PA-229-O-9116-12-6'],['R01-PA-574-WW-042-14-3'],['R01-PA-229-O-9116-12-3'],['R01-PA-568-NI-5056-13-3'],['R01-PA-567-WW-005-12-4'],['R01-PA-566-GN-922-09-1'],['R01-PA-471-O-6226-13-2'],['R01-PA-567-O-6192-17-3'],['R01-PA-471-O-6197-20-1'],,['R01-PA-567-O-6230-13-3'],['R01-PA-567-O-6228-17-1'],['R01-PA-567-O-6231-13-5'],,['R01-PA-567-O-6247-05-1'],['R01-PA-931-HC-1079-15-1']
['R01-PA-567-O-6200-01-2'],['R01-PA-471-O-6200-14-1'],['R01-PA-229-O-9117-15-2'],['R01-PA-562-WI-001-06-4'],['R01-PA-614-SC-5058-11-1'],['R01-PA-590-BS-096-09-1'],['R01-PA-563-WD-943-12-2'],['R04-PA-567-O-6201-03-3'],['R01-PA-600-SL-1043-14-3'],['R04-PA-229-O-9117-01-1'],['R01-PA-574-WW-042-15-1'],['R01-PA-229-O-9116-12-4'],['R01-PA-568-NI-5056-13-4'],['R01-PA-567-WW-005-13-1'],['R01-PA-566-GN-922-09-2'],['R01-PA-471-O-6226-13-3'],['R01-PA-567-O-6192-18-1'],['R01-PA-471-O-6197-20-3'],,['R01-PA-567-O-6230-14-1'],['R01-PA-567-O-6228-17-2'],['R01-PA-567-O-6231-14-1'],,['R01-PA-567-O-6247-05-2'],['R01-PA-931-HC-1079-15-2']
['R01-PA-567-O-6200-01-3'],['R01-PA-471-O-6200-14-2'],['R01-PA-229-O-9117-15-3'],['R01-PA-562-WI-001-06-5'],['R01-PA-614-SC-5058-11-2'],['R01-PA-590-BS-096-09-2'],['R01-PA-563-WD-943-12-3'],['R04-PA-567-O-6201-04-1'],['R01-PA-600-SL-1043-14-4'],['R04-PA-229-O-9117-01-2'],['R01-PA-574-WW-042-15-2'],['R01-PA-229-O-9116-13-1'],['R01-PA-568-NI-5056-14-1'],['R01-PA-567-WW-005-13-2'],['R01-PA-566-GN-922-09-3'],['R01-PA-471-O-6226-13-4'],['R01-PA-567-O-6192-18-2'],['R01-PA-471-O-6197-20-5'],,['R01-PA-567-O-6230-14-2'],['R01-PA-567-O-6228-17-3'],['R01-PA-567-O-6231-14-2'],,['R01-PA-567-O-6247-05-3'],['R01-PA-931-HC-1079-15-3']
['R01-PA-567-O-6200-01-4'],['R01-PA-471-O-6200-14-3'],['R01-PA-229-O-9117-16-1'],['R01-PA-562-WI-001-07-1'],['R01-PA-614-SC-5058-11-3'],['R01-PA-590-BS-096-09-3'],['R01-PA-563-WD-943-13-1'],['R04-PA-567-O-6201-04-2'],['R01-PA-600-SL-1043-14-5'],['R04-PA-229-O-9117-01-3'],['R01-PA-574-WW-042-15-3'],['R01-PA-229-O-9116-13-2'],['R01-PA-568-NI-5056-14-2'],['R01-PA-567-WW-005-13-3'],['R01-PA-566-GN-922-10-1'],['R01-PA-471-O-6226-14-1'],['R01-PA-567-O-6192-18-3'],['R01-PA-471-O-6197-21-1'],,['R01-PA-567-O-6230-14-3'],['R01-PA-567-O-6228-17-4'],['R01-PA-567-O-6231-14-3'],,['R01-PA-567-O-6247-06-1'],
['R01-PA-567-O-6200-01-5'],['R01-PA-471-O-6200-14-4'],['R01-PA-229-O-9117-16-2'],['R01-PA-562-WI-001-07-2'],['R01-PA-614-SC-5058-11-4'],['R01-PA-590-BS-096-09-4'],['R01-PA-563-WD-943-13-2'],['R04-PA-567-O-6201-04-3'],['R01-PA-600-SL-1043-15-1'],['R04-PA-229-O-9117-02-1'],['R01-PA-574-WW-042-15-4'],['R01-PA-229-O-9116-13-3'],['R01-PA-568-NI-5056-14-3'],['R01-PA-567-WW-005-13-4'],['R01-PA-566-GN-922-10-2'],['R01-PA-471-O-6226-14-2'],['R01-PA-567-O-6192-18-4'],['R01-PA-471-O-6197-21-2'],,['R01-PA-567-O-6230-15-1'],['R01-PA-567-O-6228-18-1'],['R01-PA-567-O-6231-14-4'],,['R01-PA-567-O-6247-06-2'],
['R01-PA-567-O-6200-02-1'],['R01-PA-471-O-6200-15-1'],['R01-PA-229-O-9117-16-3'],['R01-PA-562-WI-001-07-3'],['R01-PA-614-SC-5058-11-5'],['R01-PA-590-BS-096-09-5'],['R01-PA-563-WD-943-13-3'],['R04-PA-567-O-6201-05-1'],['R01-PA-600-SL-1043-15-2'],['R04-PA-229-O-9117-02-2'],['R01-PA-574-WW-042-15-5'],['R01-PA-229-O-9116-13-4'],['R01-PA-568-NI-5056-14-4'],['R01-PA-567-WW-005-13-5'],['R01-PA-566-GN-922-10-3'],['R01-PA-471-O-6226-14-3'],['R01-PA-567-O-6192-19-1'],['R01-PA-471-O-6197-21-3'],,['R01-PA-567-O-6230-15-2'],['R01-PA-567-O-6228-18-2'],['R01-PA-567-O-6231-14-5'],,['R01-PA-567-O-6247-06-3'],
['R01-PA-567-O-6200-02-2'],['R01-PA-471-O-6200-15-2'],['R01-PA-229-O-9117-16-4'],['R01-PA-562-WI-001-07-4'],['R01-PA-614-SC-5058-12-1'],['R01-PA-590-BS-096-09-6'],['R01-PA-563-WD-943-14-1'],['R04-PA-567-O-6201-05-2'],['R01-PA-600-SL-1043-15-3'],['R04-PA-229-O-9117-02-3'],['R01-PA-574-WW-042-16-1'],['R01-PA-229-O-9116-14-1'],['R01-PA-568-NI-5056-15-1'],['R01-PA-567-WW-005-13-6'],['R01-PA-566-GN-922-10-4'],['R01-PA-471-O-6226-14-4'],['R01-PA-567-O-6192-19-2'],['R01-PA-471-O-6197-21-4'],,['R01-PA-567-O-6230-15-3'],['R01-PA-567-O-6228-18-3'],['R01-PA-567-O-6231-15-1'],,['R01-PA-567-O-6247-06-4'],
['R01-PA-567-O-6200-02-3'],['R01-PA-471-O-6200-15-3'],['R01-PA-229-O-9117-16-5'],['R01-PA-562-WI-001-07-5'],['R01-PA-614-SC-5058-12-2'],['R01-PA-590-BS-096-10-1'],['R01-PA-563-WD-943-14-2'],['R04-PA-567-O-6201-05-3'],['R01-PA-600-SL-1043-15-4'],['R04-PA-229-O-9117-03-1'],['R01-PA-574-WW-042-16-2'],['R01-PA-229-O-9116-14-2'],['R01-PA-568-NI-5056-15-2'],['R01-PA-567-WW-005-14-1'],['R01-PA-566-GN-922-11-1'],['R01-PA-471-O-6226-15-1'],['R01-PA-567-O-6192-19-3'],['R01-PA-471-O-6197-22-1'],,['R01-PA-567-O-6230-15-4'],['R01-PA-567-O-6228-18-4'],['R01-PA-567-O-6231-15-2'],,['R01-PA-567-O-6247-06-5'],
['R01-PA-567-O-6200-02-4'],['R01-PA-471-O-6200-15-4'],['R01-PA-229-O-9117-16-6'],['R01-PA-562-WI-001-07-6'],['R01-PA-614-SC-5058-12-3'],['R01-PA-590-BS-096-10-2'],['R01-PA-563-WD-943-14-3'],['R04-PA-567-O-6201-06-1'],['R01-PA-600-SL-1043-16-1'],['R04-PA-229-O-9117-03-2'],['R01-PA-574-WW-042-16-3'],['R01-PA-229-O-9116-14-3'],['R01-PA-568-NI-5056-15-3'],['R01-PA-567-WW-005-14-2'],['R01-PA-566-GN-922-11-2'],['R01-PA-471-O-6226-15-2'],['R01-PA-567-O-6192-20-1'],['R01-PA-471-O-6197-22-2'],,['R01-PA-567-O-6230-15-5'],['R01-PA-567-O-6228-19-1'],['R01-PA-567-O-6231-15-3'],,['R01-PA-567-O-6247-06-6'],
['R01-PA-567-O-6200-03-1'],['R01-PA-471-O-6200-16-1'],['R01-PA-229-O-9117-17-1'],['R01-PA-562-WI-001-08-1'],['R01-PA-614-SC-5058-12-4'],['R01-PA-590-BS-096-10-3'],['R01-PA-563-WD-943-15-1'],['R04-PA-567-O-6201-06-2'],['R01-PA-600-SL-1043-16-2'],['R04-PA-229-O-9117-03-3'],['R01-PA-574-WW-042-16-4'],['R01-PA-229-O-9116-14-4'],['R01-PA-568-NI-5056-15-4'],['R01-PA-567-WW-005-14-3'],['R01-PA-566-GN-922-11-3'],['R01-PA-471-O-6226-15-3'],['R01-PA-567-O-6192-20-2'],['R01-PA-471-O-6197-22-3'],,['R01-PA-567-O-6230-16-1'],['R01-PA-567-O-6228-19-2'],['R01-PA-567-O-6231-15-4'],,['R01-PA-567-O-6247-07-1'],
['R01-PA-567-O-6200-03-2'],['R01-PA-471-O-6200-16-2'],['R01-PA-229-O-9117-17-2'],['R01-PA-562-WI-001-08-2'],['R01-PA-614-SC-5058-12-5'],['R01-PA-590-BS-096-10-4'],['R01-PA-563-WD-943-15-2'],['R04-PA-567-O-6201-06-3'],['R01-PA-600-SL-1043-16-3'],['R04-PA-229-O-9117-04-1'],['R01-PA-574-WW-042-16-5'],['R01-PA-229-O-9116-14-5'],['R01-PA-568-NI-5056-16-1'],['R01-PA-567-WW-005-15-1'],['R01-PA-566-GN-922-11-4'],['R01-PA-471-O-6226-16-1'],['R01-PA-567-O-6192-20-3'],['R01-PA-471-O-6197-23-1'],,['R01-PA-567-O-6230-16-2'],['R01-PA-567-O-6228-19-3'],['R01-PA-567-O-6231-15-5'],,['R01-PA-567-O-6247-07-2'],
['R01-PA-567-O-6200-03-3'],['R01-PA-471-O-6200-16-3'],['R01-PA-229-O-9117-17-3'],['R01-PA-562-WI-001-08-3'],['R01-PA-614-SC-5058-13-1'],['R01-PA-590-BS-096-10-5'],['R01-PA-563-WD-943-15-3'],['R04-PA-567-O-6201-06-4'],['R01-PA-600-SL-1043-16-4'],['R04-PA-229-O-9117-04-2'],['R01-PA-574-WW-042-16-6'],['R01-PA-229-O-9116-14-6'],['R01-PA-568-NI-5056-16-2'],['R01-PA-567-WW-005-15-2'],['R01-PA-566-GN-923-01-1'],['R01-PA-471-O-6226-16-2'],['R01-PA-567-O-6192-20-4'],['R01-PA-471-O-6197-23-3'],,['R01-PA-567-O-6230-16-3'],['R01-PA-567-O-6228-19-4'],['R01-PA-567-O-6231-16-1'],,['R01-PA-567-O-6247-07-3'],
['R01-PA-567-O-6200-03-4'],['R01-PA-471-O-6200-17-1'],['R01-PA-229-O-9117-17-4'],['R01-PA-562-WI-001-08-4'],['R01-PA-614-SC-5058-13-2'],['R01-PA-590-BS-096-11-1'],['R01-PA-563-WD-943-15-4'],['R04-PA-567-O-6202-01-1'],['R01-PA-600-SL-1043-16-5'],['R04-PA-229-O-9117-05-1'],['R01-PA-574-WW-042-17-1'],['R01-PA-229-O-9116-15-1'],['R01-PA-568-NI-5056-16-3'],['R01-PA-567-WW-005-15-3'],['R01-PA-566-GN-923-01-2'],['R01-PA-471-O-6226-16-3'],['R01-PA-567-O-6192-21-1'],['R01-PA-471-O-6197-23-4'],,['R01-PA-567-O-6230-16-4'],['R01-PA-567-O-6228-20-1'],['R01-PA-567-O-6231-16-2'],,['R01-PA-567-O-6247-08-1'],
['R01-PA-567-O-6200-04-1'],['R01-PA-471-O-6200-17-2'],['R01-PA-229-O-9117-17-5'],['R01-PA-562-WI-001-08-5'],['R01-PA-614-SC-5058-13-3'],['R01-PA-590-BS-096-11-2'],['R01-PA-563-WD-943-15-5'],['R04-PA-567-O-6202-01-2'],['R01-PA-600-SL-1043-17-1'],['R04-PA-229-O-9117-05-2'],['R01-PA-574-WW-042-17-2'],['R01-PA-229-O-9116-15-2'],['R01-PA-568-NI-5056-16-4'],['R01-PA-567-WW-005-15-4'],['R01-PA-566-GN-923-02-1'],['R01-PA-471-O-6226-16-4'],['R01-PA-567-O-6192-21-2'],['R01-PA-471-O-6197-23-5'],,['R01-PA-567-O-6230-17-1'],['R01-PA-567-O-6228-20-2'],['R01-PA-567-O-6231-16-3'],,['R01-PA-567-O-6247-08-2'],
['R01-PA-567-O-6200-04-2'],['R01-PA-471-O-6200-17-3'],['R01-PA-229-O-9117-18-1'],['R01-PA-562-WI-001-09-1'],['R01-PA-614-SC-5058-13-4'],['R01-PA-590-BS-096-11-3'],['R01-PA-563-WD-943-16-1'],['R04-PA-567-O-6202-01-3'],['R01-PA-600-SL-1043-17-2'],['R04-PA-229-O-9117-05-3'],['R01-PA-574-WW-042-17-3'],['R01-PA-229-O-9116-15-3'],['R01-PA-568-NI-5056-17-1'],['R01-PA-567-WW-005-15-5'],['R01-PA-566-GN-923-02-2'],['R01-PA-471-O-6226-16-5'],['R01-PA-567-O-6192-21-3'],['R01-PA-471-O-6197-24-1'],,['R01-PA-567-O-6230-17-2'],['R01-PA-567-O-6228-20-3'],['R01-PA-567-O-6231-16-4'],,['R01-PA-567-O-6247-08-3'],
['R01-PA-567-O-6200-04-3'],['R01-PA-471-O-6200-17-4'],['R01-PA-229-O-9117-18-2'],['R01-PA-562-WI-001-09-2'],['R01-PA-614-SC-5058-14-1'],['R01-PA-590-BS-096-11-4'],['R01-PA-563-WD-943-16-2'],['R04-PA-567-O-6202-02-1'],['R01-PA-600-SL-1043-17-3'],['R04-PA-229-O-9117-06-1'],['R01-PA-574-WW-042-17-4'],['R01-PA-229-O-9116-15-4'],['R01-PA-568-NI-5056-17-2'],['R01-PA-567-WW-005-16-1'],['R01-PA-566-GN-923-02-3'],['R01-PA-471-O-6226-17-1'],['R01-PA-567-O-6192-22-1'],['R01-PA-471-O-6197-24-2'],,['R01-PA-567-O-6230-17-3'],['R01-PA-567-O-6228-20-4'],['R01-PA-567-O-6231-16-5'],,['R01-PA-567-O-6247-08-4'],
['R01-PA-567-O-6200-04-4'],['R01-PA-471-O-6200-18-1'],['R01-PA-229-O-9117-18-3'],['R01-PA-562-WI-001-09-3'],['R01-PA-614-SC-5058-14-2'],['R01-PA-590-BS-096-11-5'],['R01-PA-563-WD-943-16-3'],['R04-PA-567-O-6202-02-2'],['R01-PA-600-SL-1043-17-4'],['R04-PA-229-O-9117-06-2'],['R01-PA-574-WW-042-18-1'],['R01-PA-229-O-9116-15-5'],['R01-PA-568-NI-5056-17-3'],['R01-PA-567-WW-005-16-2'],['R01-PA-566-GN-923-03-1'],['R01-PA-471-O-6226-17-2'],['R01-PA-567-O-6192-22-2'],['R01-PA-471-O-6197-24-4'],,['R01-PA-567-O-6230-17-4'],['R01-PA-567-O-6228-21-1'],['R01-PA-567-O-6231-17-1'],,['R01-PA-567-O-6247-08-5'],
['R01-PA-567-O-6200-05-1'],['R01-PA-471-O-6200-18-2'],['R01-PA-229-O-9117-19-1'],['R01-PA-562-WI-001-09-4'],['R01-PA-614-SC-5058-14-3'],['R01-PA-590-BS-096-12-1'],['R01-PA-563-WD-943-17-1'],['R04-PA-567-O-6202-02-3'],['R01-PA-600-SL-1043-18-1'],['R04-PA-229-O-9117-06-3'],['R01-PA-574-WW-042-18-2'],['R01-PA-229-O-9116-15-6'],['R01-PA-568-NI-5056-17-4'],['R01-PA-567-WW-005-16-3'],['R01-PA-566-GN-923-03-2'],['R01-PA-471-O-6226-17-3'],['R01-PA-567-O-6192-22-3'],['R01-PA-471-O-6197-25-1'],,['R01-PA-567-O-6230-18-1'],['R01-PA-567-O-6228-21-2'],['R01-PA-567-O-6231-17-2'],,['R01-PA-567-O-6247-08-6'],
['R01-PA-567-O-6200-05-2'],['R01-PA-471-O-6200-18-3'],['R01-PA-229-O-9117-19-2'],['R01-PA-562-WI-001-09-5'],['R01-PA-614-SC-5058-14-4'],['R01-PA-590-BS-096-12-2'],['R01-PA-563-WD-943-17-2'],['R04-PA-567-O-6202-03-1'],['R01-PA-600-SL-1043-18-2'],['R04-PA-229-O-9117-07-1'],['R01-PA-574-WW-042-18-3'],['R01-PA-229-O-9116-16-1'],['R01-PA-568-NI-5056-17-5'],['R01-PA-567-WW-005-17-1'],['R01-PA-566-GN-923-03-3'],['R01-PA-471-O-6226-18-1'],['R01-PA-567-O-6192-23-1'],['R01-PA-471-O-6197-25-2'],,['R01-PA-567-O-6230-18-2'],['R01-PA-567-O-6228-22-1'],['R01-PA-567-O-6231-17-3'],,['R01-PA-567-O-6247-09-1'],
['R01-PA-567-O-6200-05-3'],['R01-PA-471-O-6200-19-1'],['R01-PA-229-O-9117-19-3'],['R01-PA-562-WI-001-10-1'],['R01-PA-614-SC-5058-14-5'],['R01-PA-590-BS-096-12-3'],['R01-PA-563-WD-943-17-3'],['R04-PA-567-O-6202-03-2'],['R01-PA-600-SL-1043-18-3'],['R04-PA-229-O-9117-07-2'],['R01-PA-574-WW-042-18-4'],['R01-PA-229-O-9116-16-2'],['R01-PA-568-NI-5056-18-1'],['R01-PA-567-WW-005-17-2'],['R01-PA-566-GN-923-04-1'],['R01-PA-471-O-6226-18-2'],['R01-PA-567-O-6192-23-2'],['R01-PA-471-O-6197-26-1'],,['R01-PA-567-O-6230-18-3'],['R01-PA-567-O-6228-22-2'],['R01-PA-567-O-6231-18-1'],,['R01-PA-567-O-6247-09-2'],
['R01-PA-567-O-6200-05-4'],['R01-PA-471-O-6200-19-2'],['R01-PA-229-O-9117-19-4'],['R01-PA-562-WI-001-10-2'],['R01-PA-614-SC-5058-14-6'],['R01-PA-590-BS-096-12-4'],['R01-PA-563-WD-943-18-1'],['R04-PA-567-O-6202-03-3'],['R01-PA-600-SL-1043-18-4'],['R04-PA-229-O-9117-07-3'],['R01-PA-574-WW-042-18-5'],['R01-PA-229-O-9116-16-3'],['R01-PA-568-NI-5056-18-2'],['R01-PA-567-WW-005-17-3'],['R01-PA-566-GN-923-04-2'],['R01-PA-471-O-6226-18-3'],['R01-PA-567-O-6192-23-3'],['R01-PA-471-O-6197-26-3'],,['R01-PA-567-O-6230-18-4'],['R01-PA-567-O-6228-23-1'],['R01-PA-567-O-6231-18-2'],,['R01-PA-567-O-6247-09-3'],
['R01-PA-567-O-6200-06-1'],['R01-PA-471-O-6200-19-3'],['R01-PA-229-O-9117-20-1'],['R01-PA-562-WI-001-10-3'],['R01-PA-614-SC-5058-15-1'],['R01-PA-590-BS-096-12-5'],['R01-PA-563-WD-943-18-2'],['R04-PA-567-O-6202-04-1'],['R01-PA-600-SL-1043-19-1'],['R04-PA-229-O-9117-08-1'],['R01-PA-574-WW-042-19-1'],['R01-PA-229-O-9116-17-1'],['R01-PA-568-NI-5056-18-3'],['R01-PA-567-WW-005-17-4'],['R01-PA-566-GN-923-04-3'],['R01-PA-471-O-6226-19-1'],['R01-PA-567-O-6192-23-4'],['R01-PA-471-O-6197-26-5'],,['R01-PA-567-O-6230-18-5'],['R01-PA-567-O-6228-23-2'],['R01-PA-567-O-6231-18-3'],,['R01-PA-567-O-6247-10-1'],
['R01-PA-567-O-6200-06-2'],['R01-PA-471-O-6200-20-1'],['R01-PA-229-O-9117-20-2'],['R01-PA-562-WI-001-10-4'],['R01-PA-614-SC-5058-15-2'],['R01-PA-590-BS-096-13-1'],['R01-PA-563-WD-943-18-3'],['R04-PA-567-O-6202-04-2'],['R01-PA-600-SL-1043-19-2'],['R04-PA-229-O-9117-08-2'],['R01-PA-574-WW-042-19-2'],['R01-PA-229-O-9116-17-2'],['R01-PA-568-NI-5056-18-4'],['R01-PA-567-WW-005-18-1'],['R01-PA-566-GN-923-04-4'],['R01-PA-471-O-6226-19-2'],['R01-PA-567-O-6192-24-1'],['R01-PA-471-O-6197-27-1'],,['R01-PA-567-O-6230-19-1'],['R01-PA-567-O-6228-23-3'],['R01-PA-567-O-6231-18-4'],,['R01-PA-567-O-6247-10-2'],
['R01-PA-567-O-6200-06-3'],['R01-PA-471-O-6200-20-2'],['R01-PA-229-O-9117-20-3'],['R01-PA-562-WI-001-10-5'],['R01-PA-614-SC-5058-15-3'],['R01-PA-590-BS-096-13-2'],['R01-PA-563-WD-943-18-4'],['R04-PA-567-O-6202-05-1'],['R01-PA-600-SL-1043-19-3'],['R04-PA-229-O-9117-08-3'],['R01-PA-574-WW-042-19-3'],['R01-PA-229-O-9116-17-3'],['R01-PA-568-NI-5056-18-5'],['R01-PA-567-WW-005-18-2'],['R01-PA-566-GN-923-05-1'],['R01-PA-471-O-6226-19-3'],['R01-PA-567-O-6192-24-2'],['R01-PA-471-O-6197-27-3'],,['R01-PA-567-O-6230-19-2'],['R01-PA-567-O-6228-24-1'],['R01-PA-567-O-6231-18-5'],,['R01-PA-567-O-6247-10-3'],
['R01-PA-567-O-6200-06-4'],['R01-PA-471-O-6200-20-3'],['R01-PA-229-O-9117-21-1'],['R01-PA-562-WI-001-11-1'],['R01-PA-614-SC-5058-15-4'],['R01-PA-590-BS-096-13-3'],['R01-PA-563-WD-943-18-5'],['R04-PA-567-O-6202-05-2'],['R01-PA-600-SL-1043-99-1'],['R04-PA-229-O-9117-09-1'],['R01-PA-574-WW-042-20-1'],['R01-PA-229-O-9116-17-4'],['R01-PA-568-NI-5056-18-6'],['R01-PA-567-WW-005-18-3'],['R01-PA-566-GN-923-05-2'],['R01-PA-471-O-6226-19-4'],['R01-PA-567-O-6192-24-3'],['R01-PA-471-O-6197-27-5'],,['R01-PA-567-O-6230-19-3'],['R01-PA-567-O-6228-24-2'],['R01-PA-567-O-6232-01-1'],,['R01-PA-567-O-6247-11-1'],
['R01-PA-567-O-6200-06-5'],['R01-PA-471-O-6200-20-4'],['R01-PA-229-O-9117-21-2'],['R01-PA-562-WI-001-11-2'],['R01-PA-614-SC-5058-15-5'],['R01-PA-590-BS-096-13-4'],['R01-PA-563-WD-943-19-1'],['R04-PA-567-O-6202-06-1'],['R01-PA-600-SL-1045-01-1'],['R04-PA-229-O-9117-09-2'],['R01-PA-574-WW-042-20-2'],['R01-PA-229-O-9116-18-1'],['R01-PA-568-NI-5056-19-1'],['R01-PA-567-WW-005-18-4'],['R01-PA-566-GN-923-05-3'],['R01-PA-471-O-6226-19-5'],['R01-PA-567-O-6192-25-1'],['R01-PA-471-O-6197-28-1'],,['R01-PA-567-O-6230-20-1'],['R01-PA-567-O-6228-24-3'],['R01-PA-567-O-6232-01-2'],,['R01-PA-567-O-6247-11-2'],
['R01-PA-567-O-6200-07-1'],['R01-PA-471-O-6200-21-1'],['R01-PA-229-O-9117-21-3'],['R01-PA-562-WI-001-11-3'],['R01-PA-614-SC-5058-15-6'],['R01-PA-590-BS-096-13-5'],['R01-PA-563-WD-943-19-2'],['R04-PA-567-O-6202-06-2'],['R01-PA-600-SL-1045-01-2'],['R04-PA-229-O-9117-09-3'],['R01-PA-574-WW-042-20-3'],['R01-PA-229-O-9116-18-2'],['R01-PA-568-NI-5056-19-2'],['R01-PA-567-WW-005-18-5'],['R01-PA-566-GN-923-06-1'],['R01-PA-471-O-6226-20-1'],['R01-PA-567-O-6192-25-2'],['R01-PA-471-O-6197-28-3'],,['R01-PA-567-O-6230-20-2'],['R01-PA-567-O-6229-01-1'],['R01-PA-567-O-6232-01-3'],,['R01-PA-567-O-6247-11-3'],
['R01-PA-567-O-6200-07-2'],['R01-PA-471-O-6200-21-2'],['R01-PA-229-O-9117-22-1'],['R01-PA-562-WI-001-11-4'],['R01-PA-614-SC-5058-16-1'],['R01-PA-590-BS-096-13-6'],['R01-PA-563-WD-943-19-3'],['R04-PA-567-O-6202-06-3'],['R01-PA-600-SL-1045-01-3'],['R04-PA-229-O-9117-09-4'],['R01-PA-574-WW-042-21-1'],['R01-PA-229-O-9116-18-3'],['R01-PA-568-NI-5056-19-3'],['R01-PA-567-WW-005-18-6'],['R01-PA-566-GN-923-06-2'],['R01-PA-471-O-6226-20-2'],['R01-PA-567-O-6192-25-3'],['R01-PA-471-O-6197-28-5'],,['R01-PA-567-O-6230-20-3'],['R01-PA-567-O-6229-01-2'],['R01-PA-567-O-6232-02-1'],,['R01-PA-567-O-6250-01-1'],
['R01-PA-567-O-6200-07-3'],['R01-PA-471-O-6200-21-3'],['R01-PA-229-O-9117-22-2'],['R01-PA-562-WI-001-11-5'],['R01-PA-614-SC-5058-16-2'],['R01-PA-590-BS-096-13-7'],['R01-PA-563-WD-957-01-1'],['R04-PA-567-O-6246-01-1'],['R01-PA-600-SL-1045-01-4'],['R04-PA-229-O-9117-10-1'],['R01-PA-574-WW-042-21-2'],['R01-PA-229-O-9116-18-4'],['R01-PA-568-NI-5056-19-4'],['R01-PA-567-WW-005-18-7'],['R01-PA-566-GN-923-06-3'],['R01-PA-471-O-6226-20-3'],['R01-PA-567-O-6192-26-1'],['R01-PA-471-O-6197-29-1'],,['R01-PA-567-O-6230-20-4'],['R01-PA-567-O-6229-01-3'],['R01-PA-567-O-6232-02-2'],,['R01-PA-567-O-6250-01-2'],
['R01-PA-567-O-6200-07-4'],['R01-PA-471-O-6200-22-1'],['R01-PA-229-O-9117-22-3'],['R01-PA-562-WI-001-11-6'],['R01-PA-614-SC-5058-16-3'],['R01-PA-590-BS-096-13-8'],['R01-PA-563-WD-957-01-2'],['R04-PA-567-O-6246-01-2'],['R01-PA-600-SL-1046-01-1'],['R04-PA-229-O-9117-10-2'],['R01-PA-574-WW-042-21-3'],['R01-PA-229-O-9116-18-5'],['R01-PA-568-NI-5056-20-1'],['R01-PA-567-WW-005-19-1'],['R01-PA-566-GN-923-07-1'],['R01-PA-471-O-6226-20-4'],['R01-PA-567-O-6192-26-2'],['R01-PA-471-O-6197-29-2'],,['R01-PA-567-O-6230-20-5'],['R01-PA-567-O-6229-02-1'],['R01-PA-567-O-6232-02-3'],,['R01-PA-567-O-6250-01-3'],
['R01-PA-567-O-6200-08-1'],['R01-PA-471-O-6200-22-2'],['R01-PA-229-O-9117-23-1'],['R01-PA-562-WI-001-11-7'],['R01-PA-614-SC-5058-16-4'],['R01-PA-590-BS-096-13-9'],['R01-PA-563-WD-957-02-1'],['R04-PA-567-O-6246-01-3'],['R01-PA-600-SL-1046-01-2'],['R04-PA-229-O-9117-10-3'],['R01-PA-574-WW-042-22-1'],['R01-PA-229-O-9116-19-1'],['R01-PA-568-NI-5056-20-2'],['R01-PA-567-WW-005-19-2'],['R01-PA-566-GN-923-07-2'],['R01-PA-471-O-6226-21-1'],['R01-PA-567-O-6192-26-3'],['R01-PA-471-O-6197-29-3'],,['R01-PA-567-O-6230-21-1'],['R01-PA-567-O-6229-02-2'],['R01-PA-567-O-6232-03-1'],,['R01-PA-567-O-6250-01-4'],
['R01-PA-567-O-6200-08-2'],['R01-PA-471-O-6200-22-3'],['R01-PA-229-O-9117-23-2'],['R01-PA-562-WI-001-12-1'],['R01-PA-614-SC-5058-16-5'],['R01-PA-590-BS-096-14-1'],['R01-PA-563-WD-958-01-1'],['R04-PA-567-O-6246-02-1'],['R01-PA-600-SL-1047-01-1'],['R04-PA-229-O-9117-10-4'],['R01-PA-574-WW-042-22-2'],['R01-PA-229-O-9116-19-2'],['R01-PA-568-NI-5056-20-3'],['R01-PA-567-WW-005-19-3'],['R01-PA-566-GN-923-07-3'],['R01-PA-471-O-6226-21-2'],['R01-PA-567-O-6192-27-1'],['R01-PA-471-O-6197-30-1'],,['R01-PA-567-O-6230-21-2'],['R01-PA-567-O-6229-03-1'],['R01-PA-567-O-6232-03-2'],,['R01-PA-567-O-6250-02-1'],
['R01-PA-567-O-6200-09-1'],['R01-PA-471-O-6200-23-1'],['R01-PA-229-O-9117-23-3'],['R01-PA-562-WI-001-12-2'],['R01-PA-614-SC-5058-17-1'],['R01-PA-590-BS-096-14-2'],,['R04-PA-567-O-6246-02-2'],['R01-PA-600-SL-1047-02-1'],['R04-PA-229-O-9117-10-5'],['R01-PA-574-WW-042-22-3'],['R01-PA-229-O-9116-19-3'],['R01-PA-568-NI-5056-20-4'],['R01-PA-567-WW-005-20-1'],['R01-PA-566-GN-923-08-1'],['R01-PA-471-O-6226-21-3'],['R01-PA-567-O-6192-27-2'],['R01-PA-471-O-6197-30-3'],,['R01-PA-567-O-6230-21-3'],['R01-PA-567-O-6229-03-2'],['R01-PA-567-O-6232-04-1'],,['R01-PA-567-O-6250-02-2'],
['R01-PA-567-O-6200-09-2'],['R01-PA-471-O-6200-23-2'],['R01-PA-229-O-9117-23-4'],['R01-PA-562-WI-001-12-3'],['R01-PA-614-SC-5058-17-2'],['R01-PA-590-BS-096-14-3'],,['R04-PA-567-O-6246-02-3'],['R01-PA-600-SL-1047-03-1'],['R04-PA-229-O-9117-11-1'],['R01-PA-574-WW-042-23-1'],['R01-PA-229-O-9116-19-4'],['R01-PA-568-NI-5056-21-1'],['R01-PA-567-WW-005-20-2'],['R01-PA-566-GN-923-08-2'],['R01-PA-471-O-6226-22-1'],['R01-PA-567-O-6192-27-3'],['R01-PA-471-O-6197-30-4'],,['R01-PA-567-O-6230-22-1'],['R01-PA-567-O-6229-04-1'],['R01-PA-567-O-6232-04-2'],,['R01-PA-567-O-6250-02-3'],
['R01-PA-567-O-6200-10-1'],['R01-PA-471-O-6200-23-3'],['R01-PA-229-O-9117-24-1'],['R01-PA-562-WI-001-12-4'],['R01-PA-614-SC-5058-17-3'],['R01-PA-590-BS-096-14-4'],,['R04-PA-567-O-6246-03-1'],['R01-PA-600-SL-1047-03-2'],['R04-PA-229-O-9117-11-2'],['R01-PA-574-WW-042-23-2'],['R01-PA-229-O-9116-19-5'],['R01-PA-568-NI-5056-21-2'],['R01-PA-567-WW-005-20-3'],['R01-PA-566-GN-923-08-3'],['R01-PA-471-O-6226-22-2'],['R01-PA-567-O-6192-28-1'],['R01-PA-471-O-6197-31-1'],,['R01-PA-567-O-6230-22-2'],['R01-PA-567-O-6229-04-2'],['R01-PA-567-O-6232-04-3'],,['R01-PA-567-O-6250-02-4'],
['R01-PA-567-O-6200-10-2'],['R01-PA-471-O-6200-23-4'],['R01-PA-229-O-9117-24-2'],['R01-PA-562-WI-001-12-5'],['R01-PA-614-SC-5058-17-4'],['R01-PA-590-BS-096-14-5'],,['R04-PA-567-O-6246-03-2'],['R01-PA-600-SL-1047-03-3'],['R04-PA-229-O-9117-11-3'],['R01-PA-574-WW-042-23-3'],['R01-PA-229-O-9116-20-1'],['R01-PA-568-NI-5056-21-3'],['R01-PA-567-WW-005-21-1'],['R01-PA-566-GN-923-09-1'],['R01-PA-471-O-6226-22-3'],['R01-PA-567-O-6192-28-2'],['R01-PA-471-O-6197-31-3'],,,['R01-PA-567-O-6229-04-3'],['R01-PA-567-O-6232-05-1'],,['R01-PA-567-O-6250-02-5'],
['R01-PA-567-O-6200-10-3'],['R01-PA-471-O-6200-24-1'],['R01-PA-229-O-9117-24-3'],['R01-PA-562-WI-001-13-1'],['R01-PA-614-SC-5058-17-5'],['R01-PA-590-BS-096-14-6'],,['R04-PA-567-O-6246-04-1'],['R01-PA-600-SL-1047-03-4'],['R04-PA-229-O-9117-12-1'],['R01-PA-574-WW-042-24-1'],['R01-PA-229-O-9116-20-2'],['R01-PA-568-NI-5056-21-4'],['R01-PA-567-WW-005-21-2'],['R01-PA-566-GN-923-09-2'],['R01-PA-471-O-6226-23-1'],['R01-PA-567-O-6192-28-3'],['R01-PA-471-O-6197-31-5'],,,['R01-PA-567-O-6229-05-1'],['R01-PA-567-O-6232-05-2'],,['R01-PA-567-O-6250-03-1'],
['R01-PA-567-O-6200-11-1'],['R01-PA-471-O-6200-24-2'],['R01-PA-229-O-9117-24-4'],['R01-PA-562-WI-001-13-2'],['R01-PA-614-SC-5058-17-6'],['R01-PA-590-BS-096-15-1'],,['R04-PA-567-O-6246-04-2'],['R01-PA-600-SL-1048-01-1'],['R04-PA-229-O-9117-12-2'],['R01-PA-574-WW-042-24-2'],['R01-PA-229-O-9116-20-3'],['R01-PA-568-NI-5056-21-5'],['R01-PA-567-WW-005-21-3'],,['R01-PA-471-O-6226-23-2'],['R01-PA-567-O-6192-29-1'],['R01-PA-471-O-6197-32-1'],,,['R01-PA-567-O-6229-05-2'],['R01-PA-567-O-6232-05-3'],,['R01-PA-567-O-6250-03-2'],
['R01-PA-567-O-6200-11-2'],['R01-PA-471-O-6200-24-3'],['R01-PA-229-O-9117-24-5'],['R01-PA-562-WI-001-13-3'],['R01-PA-614-SC-5058-18-1'],['R01-PA-590-BS-096-15-2'],,['R04-PA-567-O-6246-04-3'],['R01-PA-600-SL-1048-01-2'],['R04-PA-229-O-9117-12-3'],['R01-PA-574-WW-042-24-3'],['R01-PA-229-O-9116-20-4'],['R01-PA-568-NI-5056-21-6'],['R01-PA-567-WW-005-21-4'],,['R01-PA-471-O-6226-23-3'],['R01-PA-567-O-6192-29-2'],['R01-PA-471-O-6197-32-10'],,,['R01-PA-567-O-6229-05-3'],['R01-PA-567-O-6232-06-1'],,['R01-PA-567-O-6250-03-3'],
['R01-PA-567-O-6200-11-3'],['R01-PA-471-O-6200-25-1'],['R01-PA-229-O-9117-25-1'],['R01-PA-562-WI-001-13-4'],['R01-PA-614-SC-5058-18-2'],['R01-PA-590-BS-096-15-3'],,['R04-PA-567-O-6246-05-1'],['R01-PA-600-SL-1048-01-3'],['R04-PA-229-O-9117-13-1'],['R01-PA-574-WW-042-25-1'],['R01-PA-229-O-9116-21-1'],['R01-PA-568-NI-5056-22-1'],['R01-PA-567-WW-005-22-1'],,['R01-PA-471-O-6226-23-4'],['R01-PA-567-O-6192-29-3'],['R01-PA-471-O-6197-32-2'],,,['R01-PA-567-O-6229-06-1'],['R01-PA-567-O-6232-07-1'],,['R01-PA-567-O-6250-03-4'],
['R01-PA-567-O-6200-11-4'],['R01-PA-471-O-6200-25-2'],['R01-PA-229-O-9117-25-2'],['R01-PA-562-WI-001-14-1'],['R01-PA-614-SC-5058-18-3'],['R01-PA-590-BS-096-15-4'],,['R04-PA-567-O-6246-05-2'],['R01-PA-600-SL-1048-02-1'],['R04-PA-229-O-9117-13-2'],['R01-PA-574-WW-042-25-2'],['R01-PA-229-O-9116-21-2'],['R01-PA-568-NI-5056-22-2'],['R01-PA-567-WW-005-22-2'],,['R01-PA-471-O-6226-23-5'],['R01-PA-567-O-6192-29-4'],['R01-PA-471-O-6197-32-3'],,,['R01-PA-567-O-6229-07-1'],['R01-PA-567-O-6232-07-2'],,['R01-PA-567-O-6250-04-1'],
['R01-PA-567-O-6201-01-1'],['R01-PA-471-O-6200-26-1'],['R01-PA-229-O-9117-25-3'],['R01-PA-562-WI-001-14-2'],['R01-PA-614-SC-5058-18-4'],['R01-PA-590-BS-096-15-5'],,['R04-PA-567-O-6246-05-3'],['R01-PA-600-SL-1048-02-2'],['R04-PA-229-O-9117-13-3'],['R01-PA-574-WW-042-25-3'],['R01-PA-229-O-9116-21-3'],['R01-PA-568-NI-5056-22-3'],['R01-PA-567-WW-005-22-3'],,['R01-PA-471-O-6226-24-1'],['R01-PA-567-O-6192-29-5'],['R01-PA-471-O-6197-32-5'],,,['R01-PA-567-O-6229-07-2'],['R01-PA-567-O-6232-07-3'],,['R01-PA-567-O-6250-04-2'],
['R01-PA-567-O-6201-01-2'],['R01-PA-471-O-6200-26-2'],['R01-PA-229-O-9117-26-1'],['R01-PA-562-WI-001-14-3'],['R01-PA-614-SC-5058-18-5'],['R01-PA-590-BS-096-15-6'],,['R04-PA-567-O-6246-06-1'],['R01-PA-600-SL-1055-01-1'],['R04-PA-229-O-9117-14-1'],['R01-PA-574-WW-042-26-1'],['R01-PA-229-O-9116-21-4'],['R01-PA-568-NI-5056-22-4'],['R01-PA-567-WW-005-22-4'],,['R01-PA-471-O-6226-24-2'],['R01-PA-567-O-6192-29-6'],['R01-PA-471-O-6197-32-7'],,,['R01-PA-567-O-6229-07-3'],['R01-PA-567-O-6232-08-1'],,['R01-PA-567-O-6250-04-3'],
['R01-PA-567-O-6201-01-3'],['R01-PA-471-O-6200-26-3'],['R01-PA-229-O-9117-26-2'],['R01-PA-562-WI-001-14-4'],['R01-PA-614-SC-5058-18-6'],['R01-PA-590-BS-096-16-1'],,['R04-PA-567-O-6246-06-2'],['R01-PA-600-SL-1055-01-2'],['R04-PA-229-O-9117-14-2'],['R01-PA-574-WW-042-26-2'],['R01-PA-229-O-9116-22-1'],['R01-PA-568-NI-5057-01-1'],['R01-PA-567-WW-005-22-5'],,['R01-PA-471-O-6226-24-3'],['R01-PA-567-O-6192-30-1'],['R01-PA-471-O-6197-32-8'],,,['R01-PA-567-O-6229-08-1'],['R01-PA-567-O-6232-08-2'],,['R01-PA-567-O-6250-04-4'],
['R01-PA-567-O-6201-02-1'],['R01-PA-471-O-6200-27-1'],['R01-PA-229-O-9117-27-1'],['R01-PA-562-WI-001-14-5'],['R01-PA-614-SC-5058-18-7'],['R01-PA-590-BS-096-16-2'],,['R04-PA-567-O-6247-01-1'],['R01-PA-600-SL-1055-01-3'],['R04-PA-229-O-9117-14-3'],['R01-PA-574-WW-042-26-3'],['R01-PA-229-O-9116-22-2'],['R01-PA-568-NI-5057-01-2'],['R01-PA-567-WW-005-22-6'],,['R01-PA-471-O-6226-24-4'],['R01-PA-567-O-6192-30-2'],['R01-PA-471-O-6197-32-9'],,,['R01-PA-567-O-6229-09-1'],['R01-PA-567-O-6232-09-1'],,['R01-PA-567-O-6250-04-5'],
['R01-PA-567-O-6201-02-2'],['R01-PA-471-O-6200-27-2'],['R01-PA-229-O-9117-27-2'],['R01-PA-562-WI-001-14-6'],['R01-PA-614-SC-5058-19-1'],['R01-PA-590-BS-096-16-3'],,['R04-PA-567-O-6247-01-2'],['R01-PA-600-SL-1056-01-1'],['R04-PA-229-O-9117-15-1'],['R01-PA-574-WW-042-27-1'],['R01-PA-229-O-9116-22-3'],['R01-PA-568-NI-5057-01-3'],['R01-PA-567-WW-005-22-7'],,['R01-PA-471-O-6226-25-1'],['R01-PA-567-O-6192-30-3'],['R01-PA-471-O-6197-33-1'],,,['R01-PA-567-O-6229-09-3'],['R01-PA-567-O-6232-09-2'],,['R01-PA-567-O-6250-04-6'],
['R01-PA-567-O-6201-02-3'],['R01-PA-471-O-6200-27-3'],['R01-PA-229-O-9117-27-3'],['R01-PA-562-WI-001-15-1'],['R01-PA-614-SC-5058-19-2'],['R01-PA-590-BS-096-16-4'],,['R04-PA-567-O-6247-02-1'],['R01-PA-600-SL-1056-01-2'],['R04-PA-229-O-9117-15-2'],['R01-PA-574-WW-042-27-2'],['R01-PA-229-O-9116-22-4'],,['R01-PA-567-WW-005-23-1'],,['R01-PA-471-O-6226-25-2'],['R01-PA-567-O-6192-31-1'],['R01-PA-471-O-6197-33-3'],,,['R01-PA-567-O-6229-09-5'],['R01-PA-567-O-6232-09-3'],,['R01-PA-567-O-6250-05-1'],
['R01-PA-567-O-6201-02-4'],['R01-PA-471-O-6200-27-4'],['R01-PA-229-O-9117-27-4'],['R01-PA-562-WI-001-15-2'],['R01-PA-614-SC-5058-19-3'],['R01-PA-590-BS-096-16-5'],,['R04-PA-567-O-6247-02-2'],['R01-PA-600-SL-1056-01-3'],['R04-PA-229-O-9117-15-3'],['R01-PA-574-WW-042-27-3'],['R01-PA-229-O-9116-22-5'],,['R01-PA-567-WW-005-23-2'],,['R01-PA-471-O-6226-25-3'],['R01-PA-567-O-6192-31-2'],['R01-PA-471-O-6197-33-5'],,,['R01-PA-567-O-6229-10-1'],['R01-PA-567-O-6232-10-1'],,['R01-PA-567-O-6250-05-2'],
['R01-PA-567-O-6201-03-1'],['R01-PA-471-O-6200-27-5'],['R01-PA-229-O-9117-27-5'],['R01-PA-562-WI-001-15-3'],['R01-PA-614-SC-5058-19-4'],['R01-PA-590-BS-096-16-6'],,['R04-PA-567-O-6247-03-1'],['R01-PA-600-SL-1057-01-1'],['R04-PA-229-O-9117-16-1'],['R01-PA-574-WW-042-28-1'],['R01-PA-229-O-9116-22-6'],,['R01-PA-567-WW-005-23-3'],,['R01-PA-471-O-6226-26-1'],['R01-PA-567-O-6192-31-3'],['R01-PA-471-O-6197-34-1'],,,['R01-PA-567-O-6229-10-2'],['R01-PA-567-O-6232-10-2'],,['R01-PA-567-O-6250-05-3'],
['R01-PA-567-O-6201-03-2'],['R01-PA-471-O-6200-28-1'],['R01-PA-229-O-9117-28-1'],['R01-PA-562-WI-001-15-4'],['R01-PA-614-SC-5058-19-5'],['R01-PA-590-BS-096-17-1'],,['R04-PA-567-O-6247-03-2'],['R01-PA-600-SL-1057-01-2'],['R04-PA-229-O-9117-16-2'],['R01-PA-574-WW-042-28-2'],['R01-PA-229-O-9116-23-1'],,['R01-PA-567-WW-005-24-1'],,['R01-PA-471-O-6226-26-2'],['R01-PA-567-O-6192-31-4'],['R01-PA-471-O-6197-34-2'],,,['R01-PA-567-O-6229-10-4'],['R01-PA-567-O-6232-10-3'],,['R01-PA-567-O-6250-05-4'],
['R01-PA-567-O-6201-03-3'],['R01-PA-471-O-6200-28-2'],['R01-PA-229-O-9117-28-2'],['R01-PA-562-WI-001-16-1'],['R01-PA-614-SC-5058-19-6'],['R01-PA-590-BS-096-17-2'],,['R04-PA-567-O-6247-03-3'],['R01-PA-600-SL-1057-01-3'],['R04-PA-229-O-9117-17-1'],['R01-PA-574-WW-042-28-3'],['R01-PA-229-O-9116-23-2'],,['R01-PA-567-WW-005-24-2'],,['R01-PA-471-O-6226-26-3'],['R01-PA-567-O-6192-31-5'],['R01-PA-471-O-6197-34-3'],,,['R01-PA-567-O-6229-11-1'],['R01-PA-567-O-6232-11-1'],,['R01-PA-567-O-6250-05-5'],
['R01-PA-567-O-6201-03-4'],['R01-PA-471-O-6200-28-3'],['R01-PA-229-O-9117-28-3'],['R01-PA-562-WI-001-16-2'],['R01-PA-614-SC-5058-20-1'],['R01-PA-590-BS-096-17-3'],,['R04-PA-567-O-6247-04-1'],['R01-PA-600-SL-1058-01-1'],['R04-PA-229-O-9117-17-2'],['R01-PA-574-WW-042-28-4'],['R01-PA-229-O-9116-23-3'],,['R01-PA-567-WW-005-24-3'],,['R01-PA-471-O-6226-26-4'],['R01-PA-567-O-6192-31-6'],['R01-PA-471-O-6197-34-5'],,,['R01-PA-567-O-6229-11-2'],['R01-PA-567-O-6232-11-2'],,['R01-PA-567-O-6250-06-1'],
['R01-PA-567-O-6201-04-1'],['R01-PA-471-O-6200-28-4'],['R01-PA-229-O-9117-28-4'],['R01-PA-562-WI-001-16-3'],['R01-PA-614-SC-5058-20-2'],['R01-PA-590-BS-096-17-4'],,['R04-PA-567-O-6247-04-2'],['R01-PA-600-SL-1058-01-2'],['R04-PA-229-O-9117-17-3'],['R01-PA-574-WW-043-01-1'],['R01-PA-229-O-9116-23-4'],,['R01-PA-567-WW-005-25-1'],,['R01-PA-471-O-6226-26-5'],['R01-PA-567-O-6192-32-1'],['R01-PA-471-O-6197-34-6'],,,['R01-PA-567-O-6229-11-3'],['R01-PA-567-O-6232-11-3'],,['R01-PA-567-O-6250-06-2'],
['R01-PA-567-O-6201-04-2'],['R01-PA-471-O-6200-29-1'],['R01-PA-229-O-9117-29-1'],['R01-PA-562-WI-001-16-4'],['R01-PA-614-SC-5058-20-3'],['R01-PA-590-BS-096-17-5'],,['R04-PA-567-O-6247-05-1'],['R01-PA-600-SL-1058-01-3'],['R04-PA-229-O-9122-01-1'],['R01-PA-574-WW-043-01-2'],['R01-PA-229-O-9116-23-5'],,['R01-PA-567-WW-005-25-2'],,['R01-PA-471-O-6226-27-1'],['R01-PA-567-O-6192-32-2'],['R01-PA-471-O-6197-34-7'],,,['R01-PA-567-O-6229-12-1'],['R01-PA-567-O-6232-12-1'],,['R01-PA-567-O-6250-06-3'],
['R01-PA-567-O-6201-04-3'],['R01-PA-471-O-6200-29-2'],['R01-PA-229-O-9117-29-2'],['R01-PA-562-WI-001-16-5'],['R01-PA-614-SC-5058-20-4'],['R01-PA-590-BS-096-17-6'],,['R04-PA-567-O-6247-05-2'],['R01-PA-600-SL-1059-01-1'],['R04-PA-229-O-9122-01-2'],['R01-PA-574-WW-043-02-1'],['R01-PA-229-O-9116-24-1'],,['R01-PA-567-WW-005-25-3'],,['R01-PA-471-O-6226-27-2'],['R01-PA-567-O-6192-32-3'],['R01-PA-471-O-6197-35-1'],,,['R01-PA-567-O-6229-12-3'],['R01-PA-567-O-6232-12-2'],,['R01-PA-567-O-6250-06-4'],
['R01-PA-567-O-6201-04-4'],['R01-PA-471-O-6200-29-3'],['R01-PA-229-O-9117-29-3'],['R01-PA-562-WI-001-17-1'],['R01-PA-614-SC-5058-20-5'],['R01-PA-590-BS-096-17-7'],,['R04-PA-567-O-6247-06-1'],['R01-PA-600-SL-1059-01-2'],['R04-PA-229-O-9122-02-1'],,['R01-PA-229-O-9116-24-2'],,['R01-PA-567-WW-005-25-4'],,['R01-PA-471-O-6226-27-3'],['R01-PA-567-O-6192-32-4'],['R01-PA-471-O-6197-35-2'],,,['R01-PA-567-O-6229-12-5'],['R01-PA-567-O-6232-12-3'],,['R01-PA-567-O-6250-06-5'],
['R01-PA-567-O-6201-05-1'],['R01-PA-471-O-6200-29-4'],['R01-PA-229-O-9117-29-4'],['R01-PA-562-WI-001-17-2'],['R01-PA-614-SC-5058-21-1'],['R01-PA-590-BS-096-17-8'],,,['R01-PA-600-SL-1059-02-1'],['R04-PA-229-O-9122-02-2'],,['R01-PA-229-O-9116-24-3'],,['R01-PA-567-WW-005-26-1'],,['R01-PA-471-O-6226-28-1'],['R01-PA-567-O-6192-33-2'],['R01-PA-471-O-6197-35-3'],,,['R01-PA-567-O-6229-13-1'],['R01-PA-567-O-6232-13-1'],,['R01-PA-567-O-6250-06-6'],
['R01-PA-567-O-6201-05-2'],['R01-PA-471-O-6200-29-5'],['R01-PA-229-O-9117-30-1'],['R01-PA-562-WI-001-17-3'],['R01-PA-614-SC-5058-21-2'],['R01-PA-590-BS-096-18-1'],,,['R01-PA-600-SL-1059-02-2'],['R04-PA-229-O-9122-03-1'],,['R01-PA-229-O-9116-24-4'],,['R01-PA-567-WW-005-26-2'],,['R01-PA-471-O-6226-28-2'],,['R01-PA-471-O-6197-36-1'],,,['R01-PA-567-O-6229-13-2'],['R01-PA-567-O-6232-13-2'],,['R01-PA-567-O-6250-06-7'],
['R01-PA-567-O-6201-05-3'],['R01-PA-471-O-6200-30-1'],['R01-PA-229-O-9117-30-2'],['R01-PA-562-WI-001-17-4'],['R01-PA-614-SC-5058-21-3'],['R01-PA-590-BS-096-18-2'],,,['R01-PA-600-SL-1060-01-1'],['R04-PA-229-O-9122-03-2'],,['R01-PA-229-O-9116-25-1'],,['R01-PA-567-WW-005-26-3'],,['R01-PA-471-O-6226-28-3'],,,,,['R01-PA-567-O-6229-13-3'],['R01-PA-567-O-6232-13-3'],,['R01-PA-567-O-6250-06-8'],
['R01-PA-567-O-6201-06-1'],['R01-PA-471-O-6200-30-2'],['R01-PA-229-O-9117-30-3'],['R01-PA-562-WI-001-18-1'],['R01-PA-614-SC-5058-21-4'],['R01-PA-590-BS-096-19-1'],,,['R01-PA-600-SL-1060-01-2'],['R04-PA-229-O-9122-03-3'],,['R01-PA-229-O-9116-25-2'],,,,['R01-PA-471-O-6226-29-1'],,,,,['R01-PA-567-O-6229-14-1'],['R01-PA-567-O-6232-14-1'],,['R01-PA-567-O-6250-07-1'],
['R01-PA-567-O-6201-06-2'],['R01-PA-471-O-6200-31-1'],['R01-PA-229-O-9117-30-4'],['R01-PA-562-WI-001-18-2'],['R01-PA-614-SC-5058-21-5'],['R01-PA-590-BS-096-20-1'],,,['R01-PA-600-SL-1060-01-3'],,,['R01-PA-229-O-9116-25-3'],,,,['R01-PA-471-O-6226-29-2'],,,,,['R01-PA-567-O-6229-14-2'],['R01-PA-567-O-6232-14-2'],,['R01-PA-567-O-6250-07-2'],
['R01-PA-567-O-6201-06-3'],['R01-PA-471-O-6200-31-2'],['R01-PA-229-O-9117-30-5'],['R01-PA-562-WI-001-18-3'],['R01-PA-614-SC-5058-21-6'],['R01-PA-590-BS-096-20-2'],,,['R01-PA-600-SL-1061-01-1'],,,['R01-PA-229-O-9116-25-4'],,,,['R01-PA-471-O-6226-29-3'],,,,,['R01-PA-567-O-6229-14-3'],['R01-PA-567-O-6232-14-3'],,['R01-PA-567-O-6250-07-3'],
['R01-PA-567-O-6201-06-4'],,,['R01-PA-562-WI-001-18-4'],['R01-PA-614-SC-5058-22-1'],['R01-PA-590-BS-096-20-3'],,,['R01-PA-600-SL-1061-01-2'],,,['R01-PA-229-O-9116-26-1'],,,,['R01-PA-471-O-6226-30-1'],,,,,['R01-PA-567-O-6229-15-1'],['R01-PA-567-O-6232-15-1'],,['R01-PA-567-O-6250-07-4'],
['R01-PA-567-O-6201-06-5'],,,['R01-PA-562-WI-001-18-5'],['R01-PA-614-SC-5058-22-2'],['R01-PA-590-BS-096-21-1'],,,['R01-PA-600-SL-1061-01-3'],,,['R01-PA-229-O-9116-26-2'],,,,['R01-PA-471-O-6226-30-2'],,,,,['R01-PA-567-O-6229-15-2'],['R01-PA-567-O-6232-15-2'],,['R01-PA-567-O-6250-08-1'],
['R01-PA-567-O-6201-07-1'],,,['R01-PA-562-WI-001-19-1'],['R01-PA-614-SC-5058-22-3'],['R01-PA-590-BS-096-21-2'],,,['R01-PA-600-SL-1062-01-1'],,,['R01-PA-229-O-9116-26-3'],,,,['R01-PA-471-O-6226-30-3'],,,,,['R01-PA-567-O-6229-15-3'],['R01-PA-567-O-6232-15-3'],,['R01-PA-567-O-6250-08-2'],
['R01-PA-567-O-6201-07-2'],,,['R01-PA-562-WI-001-19-2'],['R01-PA-614-SC-5058-22-4'],['R01-PA-590-BS-096-22-1'],,,['R01-PA-600-SL-1062-01-2'],,,['R01-PA-229-O-9116-26-4'],,,,['R01-PA-471-O-6226-30-4'],,,,,['R01-PA-567-O-6229-16-1'],['R01-PA-567-O-6232-16-1'],,['R01-PA-567-O-6250-08-3'],
['R01-PA-567-O-6201-07-3'],,,['R01-PA-562-WI-001-19-3'],['R01-PA-614-SC-5058-22-5'],['R01-PA-590-BS-096-22-2'],,,,,,['R01-PA-229-O-9116-27-1'],,,,,,,,,['R01-PA-567-O-6229-16-2'],['R01-PA-567-O-6232-16-2'],,['R01-PA-567-O-6250-08-4'],
['R01-PA-567-O-6201-07-4'],,,['R01-PA-562-WI-001-19-4'],['R01-PA-614-SC-5058-23-1'],['R01-PA-590-BS-096-22-3'],,,,,,['R01-PA-229-O-9116-27-2'],,,,,,,,,['R01-PA-567-O-6229-16-3'],['R01-PA-567-O-6232-16-3'],,['R01-PA-567-O-6250-08-5'],
['R01-PA-567-O-6201-08-1'],,,['R01-PA-562-WI-001-19-5'],['R01-PA-614-SC-5058-23-2'],['R01-PA-590-BS-096-22-4'],,,,,,['R01-PA-229-O-9116-27-3'],,,,,,,,,['R01-PA-567-O-6229-17-1'],['R01-PA-567-O-6232-17-1'],,['R01-PA-567-O-6250-08-6'],
['R01-PA-567-O-6201-08-2'],,,['R01-PA-562-WI-001-20-1'],['R01-PA-614-SC-5058-23-3'],['R01-PA-590-BS-097-01-1'],,,,,,['R01-PA-229-O-9116-27-4'],,,,,,,,,['R01-PA-567-O-6229-17-2'],['R01-PA-567-O-6232-17-2'],,['R01-PA-567-O-6250-09-1'],
['R01-PA-567-O-6201-08-3'],,,['R01-PA-562-WI-001-20-2'],['R01-PA-614-SC-5058-23-4'],['R01-PA-590-BS-097-02-1'],,,,,,,,,,,,,,,['R01-PA-567-O-6229-17-3'],['R01-PA-567-O-6232-17-3'],,['R01-PA-567-O-6250-09-2'],
['R01-PA-567-O-6201-08-4'],,,['R01-PA-562-WI-001-20-3'],['R01-PA-614-SC-5058-23-5'],['R01-PA-590-BS-100-01-1'],,,,,,,,,,,,,,,['R01-PA-567-O-6229-18-1'],['R01-PA-567-O-6232-18-1'],,['R01-PA-567-O-6250-09-3'],
['R01-PA-567-O-6201-08-5'],,,['R01-PA-562-WI-001-20-4'],['R01-PA-614-SC-5058-23-6'],['R01-PA-590-BS-101-01-1'],,,,,,,,,,,,,,,['R01-PA-567-O-6229-18-2'],['R01-PA-567-O-6232-18-2'],,['R01-PA-567-O-6250-09-4'],
['R01-PA-567-O-6201-09-1'],,,['R01-PA-562-WI-001-20-5'],['R01-PA-614-SC-5058-24-1'],['R01-PA-590-BS-101-01-2'],,,,,,,,,,,,,,,['R01-PA-567-O-6229-18-3'],['R01-PA-567-O-6232-18-3'],,['R01-PA-567-O-6250-09-5'],
['R01-PA-567-O-6201-09-2'],,,['R01-PA-562-WI-001-21-1'],['R01-PA-614-SC-5058-24-2'],['R01-PA-590-BS-102-01-1'],,,,,,,,,,,,,,,['R01-PA-567-O-6229-19-1'],['R01-PA-567-O-6232-19-1'],,['R01-PA-567-O-6250-10-1'],
['R01-PA-567-O-6201-09-3'],,,['R01-PA-562-WI-001-21-2'],['R01-PA-614-SC-5058-24-3'],['R01-PA-590-BS-103-01-1'],,,,,,,,,,,,,,,['R01-PA-567-O-6229-19-2'],['R01-PA-567-O-6232-19-2'],,['R01-PA-567-O-6250-10-2'],
['R01-PA-567-O-6201-09-4'],,,['R01-PA-562-WI-001-21-3'],['R01-PA-614-SC-5058-24-4'],,,,,,,,,,,,,,,,['R01-PA-567-O-6229-19-3'],['R01-PA-567-O-6232-19-3'],,['R01-PA-567-O-6250-10-3'],
['R01-PA-567-O-6202-01-1'],,,['R01-PA-562-WI-001-22-1'],['R01-PA-614-SC-5058-24-5'],,,,,,,,,,,,,,,,['R01-PA-567-O-6229-20-1'],['R01-PA-567-O-6232-20-1'],,['R01-PA-567-O-6250-10-4'],
['R01-PA-567-O-6202-01-2'],,,['R01-PA-562-WI-001-22-2'],['R01-PA-614-SC-5058-24-6'],,,,,,,,,,,,,,,,['R01-PA-567-O-6229-21-1'],['R01-PA-567-O-6232-20-2'],,['R01-PA-567-O-6250-11-1'],
['R01-PA-567-O-6202-01-3'],,,['R01-PA-562-WI-001-22-3'],['R01-PA-614-SC-5058-24-7'],,,,,,,,,,,,,,,,['R01-PA-567-O-6229-21-2'],['R01-PA-567-O-6232-21-1'],,['R01-PA-567-O-6250-11-2'],
['R01-PA-567-O-6202-01-4'],,,['R01-PA-562-WI-001-22-4'],,,,,,,,,,,,,,,,,['R01-PA-567-O-6229-21-3'],['R01-PA-567-O-6232-21-2'],,['R01-PA-567-O-6250-11-3'],
['R01-PA-567-O-6202-02-1'],,,['R01-PA-562-WI-001-22-5'],,,,,,,,,,,,,,,,,['R01-PA-567-O-6229-22-1'],['R01-PA-567-O-6232-22-1'],,['R01-PA-567-O-6250-11-4'],
['R01-PA-567-O-6202-02-2'],,,['R01-PA-562-WI-003-02-1'],,,,,,,,,,,,,,,,,['R01-PA-567-O-6229-22-2'],['R01-PA-567-O-6232-22-2'],,,
['R01-PA-567-O-6202-02-3'],,,['R01-PA-562-WI-003-02-2'],,,,,,,,,,,,,,,,,['R01-PA-567-O-6229-22-3'],['R01-PA-567-O-6232-23-1'],,,
['R01-PA-567-O-6202-02-4'],,,['R01-PA-562-WI-003-02-3'],,,,,,,,,,,,,,,,,['R01-PA-567-O-6229-23-1'],['R01-PA-567-O-6232-23-2'],,,
['R01-PA-567-O-6202-03-1'],,,['R01-PA-562-WI-9040-01-1'],,,,,,,,,,,,,,,,,['R01-PA-567-O-6229-23-2'],['R01-PA-567-O-6232-23-3'],,,
['R01-PA-567-O-6202-03-2'],,,['R01-PA-562-WI-9040-01-2'],,,,,,,,,,,,,,,,,['R01-PA-567-O-6229-23-3'],['R01-PA-567-O-6232-23-4'],,,
['R01-PA-567-O-6202-03-3'],,,,,,,,,,,,,,,,,,,,['R01-PA-567-O-6229-23-4'],['R01-PA-567-O-6232-24-1'],,,
['R01-PA-567-O-6202-04-1'],,,,,,,,,,,,,,,,,,,,['R01-PA-567-O-6229-24-1'],['R01-PA-567-O-6232-24-2'],,,
['R01-PA-567-O-6202-04-2'],,,,,,,,,,,,,,,,,,,,['R01-PA-567-O-6229-24-2'],['R01-PA-567-O-6232-24-3'],,,
['R01-PA-567-O-6202-04-3'],,,,,,,,,,,,,,,,,,,,['R01-PA-567-O-6229-24-3'],['R01-PA-567-O-6232-25-1'],,,
['R01-PA-567-O-6202-05-1'],,,,,,,,,,,,,,,,,,,,['R01-PA-567-O-6229-25-1'],['R01-PA-567-O-6232-25-2'],,,
['R01-PA-567-O-6202-05-2'],,,,,,,,,,,,,,,,,,,,['R01-PA-567-O-6229-25-2'],['R01-PA-567-O-6232-25-3'],,,
['R01-PA-567-O-6202-05-3'],,,,,,,,,,,,,,,,,,,,['R01-PA-567-O-6229-25-3'],['R01-PA-567-O-6232-26-1'],,,
['R01-PA-567-O-6202-06-1'],,,,,,,,,,,,,,,,,,,,['R01-PA-567-O-6229-26-1'],['R01-PA-567-O-6232-26-2'],,,
['R01-PA-567-O-6202-06-2'],,,,,,,,,,,,,,,,,,,,['R01-PA-567-O-6229-26-2'],['R01-PA-567-O-6232-26-3'],,,
['R01-PA-567-O-6202-06-3'],,,,,,,,,,,,,,,,,,,,['R01-PA-567-O-6229-26-3'],['R01-PA-567-O-6232-27-1'],,,
['R01-PA-567-O-6202-07-1'],,,,,,,,,,,,,,,,,,,,['R01-PA-567-O-6229-27-1'],['R01-PA-567-O-6232-27-2'],,,
['R01-PA-567-O-6202-07-2'],,,,,,,,,,,,,,,,,,,,['R01-PA-567-O-6229-27-2'],['R01-PA-567-O-6232-27-3'],,,
['R01-PA-567-O-6202-07-3'],,,,,,,,,,,,,,,,,,,,['R01-PA-567-O-6229-27-3'],['R01-PA-567-O-6232-28-1'],,,
['R01-PA-567-O-6202-07-4'],,,,,,,,,,,,,,,,,,,,['R01-PA-567-O-6229-28-1'],['R01-PA-567-O-6232-28-2'],,,
['R01-PA-567-O-6202-08-1'],,,,,,,,,,,,,,,,,,,,['R01-PA-567-O-6229-28-2'],['R01-PA-567-O-6232-28-3'],,,
['R01-PA-567-O-6202-08-2'],,,,,,,,,,,,,,,,,,,,['R01-PA-567-O-6229-28-3'],['R01-PA-567-O-6232-28-4'],,,
['R01-PA-567-O-6202-09-1'],,,,,,,,,,,,,,,,,,,,,['R01-PA-567-O-6232-28-5'],,,
['R01-PA-567-O-6202-09-2'],,,,,,,,,,,,,,,,,,,,,['R01-PA-567-O-6245-01-1'],,,
['R01-PA-567-O-6202-09-3'],,,,,,,,,,,,,,,,,,,,,['R01-PA-567-O-6245-01-2'],,,
['R01-PA-567-O-6202-10-1'],,,,,,,,,,,,,,,,,,,,,['R01-PA-567-O-6245-01-3'],,,
['R01-PA-567-O-6202-11-1'],,,,,,,,,,,,,,,,,,,,,['R01-PA-567-O-6245-02-1'],,,
['R01-PA-567-O-6202-11-2'],,,,,,,,,,,,,,,,,,,,,['R01-PA-567-O-6245-02-2'],,,
['R01-PA-567-O-6202-11-3'],,,,,,,,,,,,,,,,,,,,,['R01-PA-567-O-6245-02-3'],,,
['R01-PA-567-O-6202-12-1'],,,,,,,,,,,,,,,,,,,,,['R01-PA-567-O-6245-02-4'],,,
['R01-PA-567-O-6202-12-2'],,,,,,,,,,,,,,,,,,,,,['R01-PA-567-O-6245-02-5'],,,
['R01-PA-567-O-6226-01-1'],,,,,,,,,,,,,,,,,,,,,['R01-PA-567-O-6245-03-1'],,,
['R01-PA-567-O-6226-01-2'],,,,,,,,,,,,,,,,,,,,,['R01-PA-567-O-6245-03-2'],,,
['R01-PA-567-O-6226-01-3'],,,,,,,,,,,,,,,,,,,,,['R01-PA-567-O-6245-03-3'],,,
['R01-PA-567-O-6226-02-1'],,,,,,,,,,,,,,,,,,,,,['R01-PA-567-O-6245-03-4'],,,
['R01-PA-567-O-6226-02-2'],,,,,,,,,,,,,,,,,,,,,['R01-PA-567-O-6245-04-1'],,,
['R01-PA-567-O-6226-02-3'],,,,,,,,,,,,,,,,,,,,,['R01-PA-567-O-6245-04-2'],,,
['R01-PA-567-O-6226-03-1'],,,,,,,,,,,,,,,,,,,,,['R01-PA-567-O-6245-04-3'],,,
['R01-PA-567-O-6226-03-2'],,,,,,,,,,,,,,,,,,,,,['R01-PA-567-O-6245-04-4'],,,
['R01-PA-567-O-6226-03-3'],,,,,,,,,,,,,,,,,,,,,['R01-PA-567-O-6245-05-1'],,,
['R01-PA-567-O-6226-04-1'],,,,,,,,,,,,,,,,,,,,,['R01-PA-567-O-6245-05-2'],,,
['R01-PA-567-O-6226-04-2'],,,,,,,,,,,,,,,,,,,,,['R01-PA-567-O-6245-05-3'],,,
['R01-PA-567-O-6226-04-3'],,,,,,,,,,,,,,,,,,,,,['R01-PA-567-O-6245-05-4'],,,
['R01-PA-567-O-6226-05-1'],,,,,,,,,,,,,,,,,,,,,['R01-PA-567-O-6245-06-1'],,,
['R01-PA-567-O-6226-05-2'],,,,,,,,,,,,,,,,,,,,,['R01-PA-567-O-6245-06-2'],,,
['R01-PA-567-O-6226-06-1'],,,,,,,,,,,,,,,,,,,,,['R01-PA-567-O-6245-06-3'],,,
['R01-PA-567-O-6226-06-2'],,,,,,,,,,,,,,,,,,,,,['R01-PA-567-O-6245-06-4'],,,
['R01-PA-567-O-6226-06-3'],,,,,,,,,,,,,,,,,,,,,['R01-PA-567-O-6245-07-1'],,,
['R01-PA-567-O-6226-07-1'],,,,,,,,,,,,,,,,,,,,,['R01-PA-567-O-6245-07-2'],,,
['R01-PA-567-O-6226-07-2'],,,,,,,,,,,,,,,,,,,,,['R01-PA-567-O-6245-07-3'],,,
['R01-PA-567-O-6226-07-3'],,,,,,,,,,,,,,,,,,,,,['R01-PA-567-O-6245-08-1'],,,
['R01-PA-567-O-6226-08-1'],,,,,,,,,,,,,,,,,,,,,['R01-PA-567-O-6245-08-2'],,,
['R01-PA-567-O-6226-08-2'],,,,,,,,,,,,,,,,,,,,,['R01-PA-567-O-6245-08-3'],,,
['R01-PA-567-O-6226-08-3'],,,,,,,,,,,,,,,,,,,,,,,,
['R01-PA-567-O-6226-08-4'],,,,,,,,,,,,,,,,,,,,,,,,
['R01-PA-567-O-6226-09-1'],,,,,,,,,,,,,,,,,,,,,,,,
['R01-PA-567-O-6226-09-2'],,,,,,,,,,,,,,,,,,,,,,,,
['R01-PA-567-O-6226-09-3'],,,,,,,,,,,,,,,,,,,,,,,,
['R01-PA-567-O-6226-09-4'],,,,,,,,,,,,,,,,,,,,,,,,
['R01-PA-567-O-6226-09-5'],,,,,,,,,,,,,,,,,,,,,,,,
['R01-PA-567-O-6226-10-1'],,,,,,,,,,,,,,,,,,,,,,,,
['R01-PA-567-O-6226-10-2'],,,,,,,,,,,,,,,,,,,,,,,,
['R01-PA-567-O-6226-10-3'],,,,,,,,,,,,,,,,,,,,,,,,
['R01-PA-567-O-6226-11-1'],,,,,,,,,,,,,,,,,,,,,,,,
['R01-PA-567-O-6226-11-2'],,,,,,,,,,,,,,,,,,,,,,,,
['R01-PA-567-O-6226-11-3'],,,,,,,,,,,,,,,,,,,,,,,,
['R01-PA-567-O-6226-12-1'],,,,,,,,,,,,,,,,,,,,,,,,
['R01-PA-567-O-6226-12-2'],,,,,,,,,,,,,,,,,,,,,,,,
['R01-PA-567-O-6226-12-3'],,,,,,,,,,,,,,,,,,,,,,,,
['R01-PA-567-O-6226-12-4'],,,,,,,,,,,,,,,,,,,,,,,,
['R01-PA-567-O-6226-13-1'],,,,,,,,,,,,,,,,,,,,,,,,
['R01-PA-567-O-6226-13-2'],,,,,,,,,,,,,,,,,,,,,,,,
['R01-PA-567-O-6226-13-3'],,,,,,,,,,,,,,,,,,,,,,,,
['R01-PA-567-O-6226-13-4'],,,,,,,,,,,,,,,,,,,,,,,,
['R01-PA-567-O-6226-13-5'],,,,,,,,,,,,,,,,,,,,,,,,
['R01-PA-567-O-6226-14-1'],,,,,,,,,,,,,,,,,,,,,,,,
['R01-PA-567-O-6226-14-2'],,,,,,,,,,,,,,,,,,,,,,,,
['R01-PA-567-O-6226-14-3'],,,,,,,,,,,,,,,,,,,,,,,,
['R01-PA-567-O-6226-15-1'],,,,,,,,,,,,,,,,,,,,,,,,
['R01-PA-567-O-6226-15-2'],,,,,,,,,,,,,,,,,,,,,,,,
['R01-PA-567-O-6226-15-3'],,,,,,,,,,,,,,,,,,,,,,,,
['R01-PA-567-O-6226-16-1'],,,,,,,,,,,,,,,,,,,,,,,,
['R01-PA-567-O-6226-16-2'],,,,,,,,,,,,,,,,,,,,,,,,
['R01-PA-567-O-6226-16-3'],,,,,,,,,,,,,,,,,,,,,,,,
['R01-PA-567-O-6226-16-4'],,,,,,,,,,,,,,,,,,,,,,,,
['R01-PA-567-O-6226-17-1'],,,,,,,,,,,,,,,,,,,,,,,,
['R01-PA-567-O-6226-17-2'],,,,,,,,,,,,,,,,,,,,,,,,
['R01-PA-567-O-6226-17-3'],,,,,,,,,,,,,,,,,,,,,,,,
['R01-PA-567-O-6226-17-4'],,,,,,,,,,,,,,,,,,,,,,,,
['R01-PA-567-O-6226-17-5'],,,,,,,,,,,,,,,,,,,,,,,,
['R01-PA-567-O-6226-18-1'],,,,,,,,,,,,,,,,,,,,,,,,
['R01-PA-567-O-6226-18-2'],,,,,,,,,,,,,,,,,,,,,,,,
['R01-PA-567-O-6226-18-3'],,,,,,,,,,,,,,,,,,,,,,,,
['R01-PA-567-O-6226-19-1'],,,,,,,,,,,,,,,,,,,,,,,,
['R01-PA-567-O-6226-19-2'],,,,,,,,,,,,,,,,,,,,,,,,
['R01-PA-567-O-6226-19-3'],,,,,,,,,,,,,,,,,,,,,,,,
['R01-PA-567-O-6226-19-4'],,,,,,,,,,,,,,,,,,,,,,,,
['R01-PA-567-O-6226-20-1'],,,,,,,,,,,,,,,,,,,,,,,,
['R01-PA-567-O-6226-20-2'],,,,,,,,,,,,,,,,,,,,,,,,
['R01-PA-567-O-6226-20-3'],,,,,,,,,,,,,,,,,,,,,,,,
['R01-PA-567-O-6226-20-4'],,,,,,,,,,,,,,,,,,,,,,,,
['R01-PA-567-O-6226-20-5'],,,,,,,,,,,,,,,,,,,,,,,,
['R01-PA-567-O-6226-21-1'],,,,,,,,,,,,,,,,,,,,,,,,
['R01-PA-567-O-6226-21-2'],,,,,,,,,,,,,,,,,,,,,,,,
['R01-PA-567-O-6226-21-3'],,,,,,,,,,,,,,,,,,,,,,,,
['R01-PA-567-O-6226-22-1'],,,,,,,,,,,,,,,,,,,,,,,,
['R01-PA-567-O-6226-22-2'],,,,,,,,,,,,,,,,,,,,,,,,
['R01-PA-567-O-6226-22-3'],,,,,,,,,,,,,,,,,,,,,,,,
['R01-PA-567-O-6227-01-1'],,,,,,,,,,,,,,,,,,,,,,,,
['R01-PA-567-O-6227-01-2'],,,,,,,,,,,,,,,,,,,,,,,,
['R01-PA-567-O-6227-01-4'],,,,,,,,,,,,,,,,,,,,,,,,
['R01-PA-567-O-6227-01-6'],,,,,,,,,,,,,,,,,,,,,,,,
['R01-PA-567-O-6227-01-7'],,,,,,,,,,,,,,,,,,,,,,,,
['R01-PA-567-O-6227-02-1'],,,,,,,,,,,,,,,,,,,,,,,,
['R01-PA-567-O-6227-03-1'],,,,,,,,,,,,,,,,,,,,,,,,
['R01-PA-567-O-6227-03-2'],,,,,,,,,,,,,,,,,,,,,,,,
['R01-PA-567-O-6227-03-4'],,,,,,,,,,,,,,,,,,,,,,,,
['R01-PA-567-O-6227-03-6'],,,,,,,,,,,,,,,,,,,,,,,,
['R01-PA-567-O-6227-03-8'],,,,,,,,,,,,,,,,,,,,,,,,
['R01-PA-567-O-6227-04-1'],,,,,,,,,,,,,,,,,,,,,,,,
['R01-PA-567-O-6227-04-2'],,,,,,,,,,,,,,,,,,,,,,,,
['R01-PA-567-O-6227-04-4'],,,,,,,,,,,,,,,,,,,,,,,,
['R01-PA-567-O-6227-05-1'],,,,,,,,,,,,,,,,,,,,,,,,
['R01-PA-567-O-6227-05-2'],,,,,,,,,,,,,,,,,,,,,,,,
['R01-PA-567-O-6227-06-1'],,,,,,,,,,,,,,,,,,,,,,,,
['R01-PA-567-O-6227-06-3'],,,,,,,,,,,,,,,,,,,,,,,,
['R01-PA-567-O-6227-06-4'],,,,,,,,,,,,,,,,,,,,,,,,
['R01-PA-567-O-6227-07-1'],,,,,,,,,,,,,,,,,,,,,,,,
['R01-PA-567-O-6227-07-3'],,,,,,,,,,,,,,,,,,,,,,,,
['R01-PA-567-O-6227-07-5'],,,,,,,,,,,,,,,,,,,,,,,,
['R01-PA-567-O-6227-08-1'],,,,,,,,,,,,,,,,,,,,,,,,
['R01-PA-567-O-6227-08-2'],,,,,,,,,,,,,,,,,,,,,,,,
['R01-PA-567-O-6227-08-3'],,,,,,,,,,,,,,,,,,,,,,,,
['R01-PA-567-O-6227-08-5'],,,,,,,,,,,,,,,,,,,,,,,,
['R01-PA-567-O-6227-09-1'],,,,,,,,,,,,,,,,,,,,,,,,
['R01-PA-567-O-6227-09-3'],,,,,,,,,,,,,,,,,,,,,,,,
['R01-PA-567-O-6227-09-5'],,,,,,,,,,,,,,,,,,,,,,,,
['R01-PA-567-O-6227-09-6'],,,,,,,,,,,,,,,,,,,,,,,,
['R01-PA-567-O-6227-09-7'],,,,,,,,,,,,,,,,,,,,,,,,
['R01-PA-567-O-6227-10-1'],,,,,,,,,,,,,,,,,,,,,,,,
['R01-PA-567-O-6227-10-3'],,,,,,,,,,,,,,,,,,,,,,,,
['R01-PA-567-O-6227-10-5'],,,,,,,,,,,,,,,,,,,,,,,,
['R01-PA-567-O-6227-11-1'],,,,,,,,,,,,,,,,,,,,,,,,
['R01-PA-567-O-6227-11-3'],,,,,,,,,,,,,,,,,,,,,,,,
['R01-PA-567-O-6227-11-5'],,,,,,,,,,,,,,,,,,,,,,,,
['R01-PA-567-O-6227-12-1'],,,,,,,,,,,,,,,,,,,,,,,,
['R01-PA-567-O-6227-12-2'],,,,,,,,,,,,,,,,,,,,,,,,
['R01-PA-567-O-6227-12-3'],,,,,,,,,,,,,,,,,,,,,,,,
['R01-PA-567-O-6227-12-5'],,,,,,,,,,,,,,,,,,,,,,,,
['R01-PA-567-O-6227-13-1'],,,,,,,,,,,,,,,,,,,,,,,,
['R01-PA-567-O-6227-13-3'],,,,,,,,,,,,,,,,,,,,,,,,
['R01-PA-567-O-6227-13-5'],,,,,,,,,,,,,,,,,,,,,,,,
['R01-PA-567-O-6227-13-6'],,,,,,,,,,,,,,,,,,,,,,,,
['R01-PA-567-O-6227-13-7'],,,,,,,,,,,,,,,,,,,,,,,,
['R01-PA-567-O-6227-14-1'],,,,,,,,,,,,,,,,,,,,,,,,
['R01-PA-567-O-6227-14-3'],,,,,,,,,,,,,,,,,,,,,,,,
['R01-PA-567-O-6227-14-5'],,,,,,,,,,,,,,,,,,,,,,,,
['R01-PA-567-O-6227-15-1'],,,,,,,,,,,,,,,,,,,,,,,,
['R01-PA-567-O-6227-15-3'],,,,,,,,,,,,,,,,,,,,,,,,
['R01-PA-567-O-6227-15-5'],,,,,,,,,,,,,,,,,,,,,,,,
['R01-PA-567-O-6227-16-1'],,,,,,,,,,,,,,,,,,,,,,,,
['R01-PA-567-O-6227-16-3'],,,,,,,,,,,,,,,,,,,,,,,,
['R01-PA-567-O-6227-16-5'],,,,,,,,,,,,,,,,,,,,,,,,
['R01-PA-567-O-6227-17-1'],,,,,,,,,,,,,,,,,,,,,,,,
['R01-PA-567-O-6227-17-3'],,,,,,,,,,,,,,,,,,,,,,,,
['R01-PA-567-O-6227-17-5'],,,,,,,,,,,,,,,,,,,,,,,,
['R01-PA-567-O-6227-17-6'],,,,,,,,,,,,,,,,,,,,,,,,
['R01-PA-567-O-6227-18-1'],,,,,,,,,,,,,,,,,,,,,,,,
['R01-PA-567-O-6227-18-3'],,,,,,,,,,,,,,,,,,,,,,,,
['R01-PA-567-O-6227-19-1'],,,,,,,,,,,,,,,,,,,,,,,,
['R01-PA-567-O-6227-19-2'],,,,,,,,,,,,,,,,,,,,,,,,
['R01-PA-567-O-6227-19-3'],,,,,,,,,,,,,,,,,,,,,,,,
['R01-PA-567-O-6227-19-5'],,,,,,,,,,,,,,,,,,,,,,,,
['R01-PA-567-O-6227-20-1'],,,,,,,,,,,,,,,,,,,,,,,,
['R01-PA-567-O-6227-20-3'],,,,,,,,,,,,,,,,,,,,,,,,
['R01-PA-567-O-6227-20-5'],,,,,,,,,,,,,,,,,,,,,,,,
['R01-PA-567-O-6227-20-6'],,,,,,,,,,,,,,,,,,,,,,,,
['R01-PA-567-O-6227-20-7'],,,,,,,,,,,,,,,,,,,,,,,,
['R01-PA-567-O-6227-21-1'],,,,,,,,,,,,,,,,,,,,,,,,
['R01-PA-567-O-6227-21-3'],,,,,,,,,,,,,,,,,,,,,,,,
['R01-PA-567-O-6227-21-5'],,,,,,,,,,,,,,,,,,,,,,,,
['R01-PA-567-O-6227-22-1'],,,,,,,,,,,,,,,,,,,,,,,,
['R01-PA-567-O-6227-22-2'],,,,,,,,,,,,,,,,,,,,,,,,
['R01-PA-567-O-6250-11-5'],,,,,,,,,,,,,,,,,,,,,,,,
